sequence,Y,M,N,NS,link1,link2,link3,link4,link5,link6,link7,link8,link9,link10
MMMYYYNNN,5,2,3,0,3,2,1,4,4,2,1,2,0,0
NNNYYYMMM,4,3,2,1,7,1,0,1,1,1,3,0,1,0
MYNMYNMYN,2,7,1,0,4,3,3,1,2,2,2,4,1,0
MNYMNYMNY,3,2,3,0,5,4,2,0,0,1,2,2,1,0
ANNNMMMYYY,1,4,5,0,1,6,5,2,3,1,1,1,2,2
YYYNNNMMM,6,3,1,0,7,3,3,2,0,1,0,1,1,0
MMMNNNYYY,4,4,2,0,6,4,1,1,1,2,2,4,2,0
NNNMMMYYY,0,1,8,1,7,7,3,6,2,1,0,4,0,0
YNMYNMYNM,3,2,4,0,6,4,4,1,0,3,1,2,1,0
ANYMNYMNYM,3,1,4,0,1,3,5,3,2,2,2,2,1,1
YMNYMNYMN,5,0,3,1,6,2,3,2,2,3,1,1,1,0
YYYMMMNNN,7,2,1,0,7,4,3,1,1,2,2,1,2,0
NMYNMYNMY,1,4,2,0,3,2,0,2,1,1,0,2,0,0
ANMYNMYNMY,2,4,1,0,3,4,3,4,0,0,3,2,1,1
ANNNYYYMMM,3,1,6,0,0,4,4,3,3,2,1,0,2,0
NYMNYMNYM,2,5,1,0,5,3,2,1,2,1,0,0,0,0
,,,,,71,56,42,34,24,25,21,28,16,4
