sequence,feedback,1,2,3,4,5,6,7,8,9,10
YYYNNNMMM,N,0.3333333333333333,0.6666666666666666,0.0,0.0,0.0,0.0,0.0,0.0,0.0,0.0
YYYNNNMMM,M,0.0,1.0,0.0,0.0,0.0,0.0,0.0,0.0,0.0,0.0
YYYMMMNNN,M,0.375,0.25,0.25,0.125,0.0,0.0,0.0,0.0,0.0,0.0
YYYMMMNNN,N,1.0,0.0,0.0,0.0,0.0,0.0,0.0,0.0,0.0,0.0
YYYMMMNNN,Y,0.5,0.16666666666666666,0.3333333333333333,0.0,0.0,0.0,0.0,0.0,0.0,0.0
YNMYNMYNM,M,1.0,0.0,0.0,0.0,0.0,0.0,0.0,0.0,0.0,0.0
YNMYNMYNM,N,1.0,0.0,0.0,0.0,0.0,0.0,0.0,0.0,0.0,0.0
YYMMNN,N,0.6,0.2,0.2,0.0,0.0,0.0,0.0,0.0,0.0,0.0
YYMMNN,Y,0.5,0.5,0.0,0.0,0.0,0.0,0.0,0.0,0.0,0.0
YYNNMM,M,1.0,0.0,0.0,0.0,0.0,0.0,0.0,0.0,0.0,0.0
YYNNMM,N,0.5,0.5,0.0,0.0,0.0,0.0,0.0,0.0,0.0,0.0
MNYMNY,N,0.0,1.0,0.0,0.0,0.0,0.0,0.0,0.0,0.0,0.0
MMMNNNYYY,N,1.0,0.0,0.0,0.0,0.0,0.0,0.0,0.0,0.0,0.0
MMMNNNYYY,Y,1.0,0.0,0.0,0.0,0.0,0.0,0.0,0.0,0.0,0.0
MMMNNNYYY,M,1.0,0.0,0.0,0.0,0.0,0.0,0.0,0.0,0.0,0.0
NNNYYYMMM,N,1.0,0.0,0.0,0.0,0.0,0.0,0.0,0.0,0.0,0.0
MYNMYN,N,0.0,0.0,0.0,1.0,0.0,0.0,0.0,0.0,0.0,0.0
NNMMYY,N,1.0,0.0,0.0,0.0,0.0,0.0,0.0,0.0,0.0,0.0
MMMYYYNNN,Y,1.0,0.0,0.0,0.0,0.0,0.0,0.0,0.0,0.0,0.0
NNYYMM,M,1.0,0.0,0.0,0.0,0.0,0.0,0.0,0.0,0.0,0.0
NNYYMM,N,1.0,0.0,0.0,0.0,0.0,0.0,0.0,0.0,0.0,0.0
MYNMYNMYN,Y,0.0,1.0,0.0,0.0,0.0,0.0,0.0,0.0,0.0,0.0
MMYYNN,N,1.0,0.0,0.0,0.0,0.0,0.0,0.0,0.0,0.0,0.0
MMNNYY,N,0.0,1.0,0.0,0.0,0.0,0.0,0.0,0.0,0.0,0.0
YMNYMN,N,1.0,0.0,0.0,0.0,0.0,0.0,0.0,0.0,0.0,0.0
YMNYMNYMN,Y,1.0,0.0,0.0,0.0,0.0,0.0,0.0,0.0,0.0,0.0
YMNYMNYMN,N,1.0,0.0,0.0,0.0,0.0,0.0,0.0,0.0,0.0,0.0
YMNYMNYMN,M,1.0,0.0,0.0,0.0,0.0,0.0,0.0,0.0,0.0,0.0
YNMYNM,N,0.0,0.0,1.0,0.0,0.0,0.0,0.0,0.0,0.0,0.0
