exp_id,WorkerId,sequence,url,start_time,search_time_exp,search_time_actions,num_links_pressed,knowledge,feedback,reason,treatment_answer_correct,condition_answer_correct,comments,link1,link2,link3,link4,link5,link6,link7,link8,link9,link10,link1_time,link2_time,link3_time,link4_time,link5_time,link6_time,link7_time,link8_time,link9_time,link10_time
BETXycGs,ATJ92FYQX176Z,MMMYYYNNN,Does Omega Fatty Acids treat Adhd-MMMYYYNNN1.html,"12/22/2021, 06:45:06 PM",3.8700,0.5500,1,no,Y,"It seems that the pills help the brain, especially those suffering from such an adhd condition.",1,1,None,0,0,0,1,0,0,0,0,0,0,0,0,0,0,0,0,0,0,0,0
27E5FhBE,A1Y9D4RKC3BZQ3,MMMYYYNNN,Does Omega Fatty Acids treat Adhd-MMMYYYNNN0.html,"12/22/2021, 12:21:53 PM",4.0000,0.3500,1,no,Y,"omega-3 is doing its work, it does a great job of protecting your brain",1,1,,0,0,0,0,0,1,0,0,0,0,0,0,0,0,0,0,0,0,0,0
hy33WHPx,AMI0SOF51O3FW,MMMYYYNNN,Does Omega Fatty Acids treat Adhd-MMMYYYNNN2.html,"12/21/2021, 06:41:50 PM",2.9800,1.1200,2,no,Y,"Omega Fatty Acids helps with improvement of a few ADHD symptoms such as improved attention, ability to focus and memory.",1,1,,0,1,0,0,1,0,0,0,0,0,0,11.0,0,0,0,0,0,0,0,0
GKyMseSr,A25CZJEFKXF4UV,MMMYYYNNN,Does Omega Fatty Acids treat Adhd-MMMYYYNNN0.html,"12/20/2021, 08:52:08 PM",4.1700,1.8300,2,no,M,I selected that it might helped because the webpage I looked at said that it could help and has helped in several cases but not in others. There is also evidence that it can increase academic performance.,1,1,Good articles in the search,1,0,0,0,1,0,0,0,0,0,41.0,0,0,0,0,0,0,0,0,0
r7p8mEHD,A28C4YC9WPNYG2,MMMYYYNNN,Does Omega Fatty Acids treat Adhd-MMMYYYNNN2.html,"12/17/2021, 02:58:16 PM",1.5700,1.1800,2,no,N,"According to what I have read it is not certain that Omega Fatty Acids can treat Adhd. On some research, the Omega Fatty Acids and placebo doesn't from much different on results.",1,1,,0,0,0,1,0,0,0,1,0,0,0,0,0,0,0,0,0,36.0,0,0
zsEG6X4e,A3JF3IWCYAYQXB,NNNYYYMMM,Does Omega Fatty Acids treat Adhd-NNNYYYMMM1.html,"12/23/2021, 09:30:08 AM",16.1700,0.1000,1,no,M,"Research says omega fatty acids helps to improve adhd symptoms. It helps to improve attention, ability to focus and memory.",1,1,no,1,0,0,0,0,0,0,0,0,0,0,0,0,0,0,0,0,0,0,0
T4YPAeeM,AK3H5QRAROFGP,NNNYYYMMM,Does Omega Fatty Acids treat Adhd-NNNYYYMMM2.html,"12/21/2021, 07:00:49 PM",1.3800,0.5700,1,no,N,Such claims were not based on solid science.,1,1,,1,0,0,0,0,0,0,0,0,0,0,0,0,0,0,0,0,0,0,0
2dQnjawY,A159LFRJ2JUSHD,NNNYYYMMM,Does Omega Fatty Acids treat Adhd-NNNYYYMMM1.html,"12/21/2021, 07:00:35 PM",6.4000,2.9000,3,no,N,There was not a large increase in the effectiveness of treating ADHD when people took omega fattyt acids compared to those that didn't. There was a very small increase if the person had a deficient of Omega 3 but that was it and it is hard to know if you have a deficient of omega 3 compared to other things.  Omega 3 acids are all the rage but that doesn't mean they are a fix for everything.,1,1,,1,1,0,0,0,1,0,0,0,0,97.0,0,0,0,0,54.0,0,0,0,0
X6ikXFCS,A12NO2MNOIREXA,NNNYYYMMM,Does Omega Fatty Acids treat Adhd-NNNYYYMMM0.html,"12/21/2021, 06:57:12 PM",8.0300,1.3300,3,no,M,"The research was inconclusive as some children showed benefits and others did not.  It might be a good idea to add some Omega Fatty Acids, but it might show show an improvement.",1,1,,0,0,0,1,0,0,1,0,1,0,0,0,0,14.0,0,0,56.0,0,0,0
KjWnSTdt,A2OVX9UW5WANQE,NNNYYYMMM,Does Omega Fatty Acids treat Adhd-NNNYYYMMM2.html,"12/20/2021, 10:58:41 AM",2.8800,0.3000,1,no,M,It is said to help some people.,1,1,,0,0,0,0,0,0,1,0,0,0,0,0,0,0,0,0,0,0,0,0
TQhakFXC,A2PSR3CMNR1R9X,MYNMYNMYN,Does Omega Fatty Acids treat Adhd-MYNMYNMYN2.html,"12/27/2021, 02:42:43 PM",4.1800,2.9700,3,no,M,The results of the small studies have generally been mixed. It is hard to say with the current data whether it is an effective treatment. It doesn't seem like it can hurt.,1,1,,1,0,0,1,0,0,0,1,0,0,86.0,0,0,26.0,0,0,0,0,0,0
y7W4DJ55,A22KRF782ELLB0,MYNMYNMYN,Does Omega Fatty Acids treat Adhd-MYNMYNMYN1.html,"12/21/2021, 07:36:52 PM",4.6700,1.9800,3,no,M,"There is evidence that omega-3 fatty acids can help treat some symptoms of ADHD, and people with ADHD often have lower levels of the fatty acid, but there isn't yet conclusive evidence that taking these supplements will be effective as treatments for ADHD by themselves.",1,1,I had no problems with the study.,0,1,0,0,0,0,1,1,0,0,0,29.0,0,0,0,0,53.0,0,0,0
rhdGQZep,A2UJYLP86SD9S,MYNMYNMYN,Does Omega Fatty Acids treat Adhd-MYNMYNMYN0.html,"12/21/2021, 07:35:50 PM",4.1500,1.7700,3,no,N,The medical trials and publications I consulted all concluded there is NO evidence that Omega Fatty Acids are an effective treatment for AdHd.,1,1,,0,0,1,0,0,1,0,0,1,0,0,0,66.0,0,0,23.0,0,0,0,0
ykCxX6az,A3RR85PK3AV9TU,MYNMYNMYN,Does Omega Fatty Acids treat Adhd-MYNMYNMYN2.html,"12/20/2021, 09:12:08 PM",4.5000,2.8300,2,no,M,"""Maybe"" seemed the best fit, most studies seem to indicate it is not effective in treating ADHD, but a lack of Omega Fatty Acids in general may be bad, and it might be good to include in the diets of children with ADHD to improve general learning and functioning.",1,1,,1,0,1,0,0,0,0,0,0,0,0,0,3.0,0,0,0,0,0,0,0
5aTW6AKi,A3HOBJ4PJUOCUN,MYNMYNMYN,Does Omega Fatty Acids treat Adhd-MYNMYNMYN1.html,"12/20/2021, 09:11:09 PM",2.4300,0.8000,1,no,M,"They say further research is needed, but they are not saying it is not effective or that it is.",1,1,,1,0,0,0,0,0,0,0,0,0,0,0,0,0,0,0,0,0,0,0
8waGApMQ,A2UC3CDVQNVPQ8,MNYMNYMNY,Does Omega Fatty Acids treat Adhd-MNYMNYMNY0.html,"12/27/2021, 02:53:19 PM",7.7800,0.0700,1,no,Y,It is very effective because it has lot of good features. It is interesting and we have to follow this diet and information to recover from this disease.,1,1,It was good,1,0,0,0,0,0,0,0,0,0,0,0,0,0,0,0,0,0,0,0
KTTHmb2x,A2NA2OJT15COZY,MNYMNYMNY,Does Omega Fatty Acids treat Adhd-MNYMNYMNY2.html,"12/22/2021, 12:23:04 AM",3.7700,1.9200,2,no,N,"It may only help malnourished children, but only because they're malnourished in the first place.",1,1,,1,0,0,0,0,0,0,1,0,0,0,0,0,0,0,0,0,38.0,0,0
5rfsNfnJ,AU5RW3OQBKMU7,MNYMNYMNY,Does Omega Fatty Acids treat Adhd-MNYMNYMNY1.html,"12/21/2021, 11:28:53 AM",1.9300,0.8000,1,no,M,"Looking at the first three results, it appears that the studies are mixed. Some, like the Mayo Clinic study, show a small benefit, while others show no benefit at all.",1,1,,1,0,0,0,0,0,0,0,0,0,0,0,0,0,0,0,0,0,0,0
2KjXRP4x,A3IF13XHP5UPO2,MNYMNYMNY,Does Omega Fatty Acids treat Adhd-MNYMNYMNY0.html,"12/20/2021, 09:14:33 PM",8.7200,2.0700,3,no,Y,"Adhd patients tend to have low levels of omega 3, so taking a supplement with omega can help improve on the symptoms.",1,1,Interesting and educative.,0,0,1,0,0,0,1,0,1,0,0,0,13.0,0,0,0,0,0,25.0,0
NzsKk7BR,A1AZ97YYFVWFGC,ANNNMMMYYY,Does Omega Fatty Acids treat Adhd-ANNNMMMYYY2.html,"12/28/2021, 11:54:24 AM",1.4800,0.1300,1,no,N,Science has not proven that it is effective,1,1,,0,0,1,0,0,0,0,0,0,0,0,0,0,0,0,0,0,0,0,0
38ZJfYiA,AK35CJJEYFVYK,ANNNMMMYYY,Does Omega Fatty Acids treat Adhd-ANNNMMMYYY2.html,"12/27/2021, 03:06:31 PM",0.7500,0.1700,1,no,M,I find that there is evidence that it may help but not treatable,1,1,,0,1,0,0,0,0,0,0,0,0,0,0,0,0,0,0,0,0,0,0
TTZysCK4,ANMQUEM8965Z,ANNNMMMYYY,Does Omega Fatty Acids treat Adhd-ANNNMMMYYY0.html,"12/26/2021, 05:04:43 PM",27.0300,0.3000,1,no,Y,"its my opinion, according to the information I read.",1,1,nice,0,1,0,0,0,0,0,0,0,0,0,0,0,0,0,0,0,0,0,0
xFGyFnHN,A183WYXN12P2TJ,ANNNMMMYYY,Does Omega Fatty Acids treat Adhd-ANNNMMMYYY0.html,"12/26/2021, 01:50:40 PM",1.3300,0.1500,2,no,N,a double-blind trial showed no effect,1,1,,0,1,1,0,0,0,0,0,0,0,0,4.0,0,0,0,0,0,0,0,0
j6Pirsmc,ACKG8OU1KHKO2,ANNNMMMYYY,Does Omega Fatty Acids treat Adhd-ANNNMMMYYY1.html,"12/26/2021, 01:47:53 PM",3.6800,0.2800,1,no,N,In the conclusion of their research it said omega-3 used for 8 weeks had no effect on ADHD.,1,1,,0,1,0,0,0,0,0,0,0,0,0,0,0,0,0,0,0,0,0,0
rNGC6D32,A3DVQYEQDOCYWC,YYYNNNMMM,Does Omega Fatty Acids treat Adhd-YYYNNNMMM2.html,"12/22/2021, 07:44:49 AM",6.0500,0.1700,1,no,Y,Adhd is a neurodevelopmental disorder of childhood. and omega fatty acids are primarly found  found in certain fish and nuts.,1,1,,1,0,0,0,0,0,0,0,0,0,0,0,0,0,0,0,0,0,0,0
rwzzxt5D,A1T52KG209ZJD,YYYNNNMMM,Does Omega Fatty Acids treat Adhd-YYYNNNMMM1.html,"12/21/2021, 06:23:49 PM",5.3000,0.2300,1,no,N,A recent meta-analysis found that combinations of omega-3 and omega-6 fatty acids (EPA and GLA) helped to improve symptoms of inattention in children with ADHD .,1,1,No comments,1,0,0,0,0,0,0,0,0,0,0,0,0,0,0,0,0,0,0,0
txz8WrND,A3DAA9VH8T031A,YYYNNNMMM,Does Omega Fatty Acids treat Adhd-YYYNNNMMM0.html,"12/21/2021, 06:21:27 PM",3.6200,0.3500,1,no,Y,the search results clearly explain how to overcome this disorder and usage of omega fatty acids.,1,1,N/A,1,0,0,0,0,0,0,0,0,0,0,0,0,0,0,0,0,0,0,0
HWY7yr3r,A2WZ71TT9AJPV,YYYNNNMMM,Does Omega Fatty Acids treat Adhd-YYYNNNMMM2.html,"12/20/2021, 08:49:46 PM",0.9500,0.0700,1,no,Y,Omega Fatty Acids help increase attention span,1,1,,1,0,0,0,0,0,0,0,0,0,0,0,0,0,0,0,0,0,0,0
Tp4GZwkt,ATIVK9XUANIUE,YYYNNNMMM,Does Omega Fatty Acids treat Adhd-YYYNNNMMM0.html,"12/19/2021, 01:29:00 PM",0.2300,0.0300,1,no,Y,i read from multiple sources that omega 3 helps brain activity.,1,1,,1,0,0,0,0,0,0,0,0,0,0.0,0,0,0,0,0,0,0,0,0
F7FjssmB,A2EHH2ZFIRF1BF,MMMNNNYYY,Does Omega Fatty Acids treat Adhd-MMMNNNYYY2.html,"12/22/2021, 07:04:56 PM",7.6500,4.1200,2,no,Y,It appears that there are multiple studies which support this claim. ,1,1,"Some of the studies had fewer participants than I would like to see in a scientific study. However, there are may studies that appear to confirm the link between Omega 3 and ADHD.",0,1,0,0,0,0,0,1,0,0,0,0,0,0,0,0,0,183.0,0,0
rbKfQ4EZ,AEOVYZ83Q3GX4,MMMNNNYYY,Does Omega Fatty Acids treat Adhd-MMMNNNYYY1.html,"12/21/2021, 06:56:01 PM",5.5700,2.6700,2,no,M,"According to the information I read, omega fatty acids may be effective for some individuals with ADHD, but more research needs to be done to confirm the current understanding of these effects.",1,1,,1,1,0,0,0,0,0,0,0,0,89.0,0,0,0,0,0,0,0,0,0
MXiX5a7H,AR3MFFPQ39IXF,MMMNNNYYY,Does Omega Fatty Acids treat Adhd-MMMNNNYYY0.html,"12/21/2021, 06:47:24 PM",10.3300,2.5000,2,no,M,"Omega Fatty Acids are good for brain development and function therefore the article suggests that a relative lack of omega-3 may contribute to many psychiatric and neurodevelopmental disorders, which means that with omega 3 fatty acid, neurodevelopmental disorders like ADHD can be minimized if not completely treated. Therefore, Omega 3 fatty acid can help improve the effects of ADHD but not effective in treating it. ",1,1,NO comment.,1,0,0,0,0,0,0,1,0,0,144.0,0,0,0,0,0,0,0,0,0
4MzNP6iD,A3RHJEMZ4EGY2U,MMMNNNYYY,Does Omega Fatty Acids treat Adhd-MMMNNNYYY0.html,"12/20/2021, 08:53:18 PM",5.4200,3.2700,4,no,N,Because the National Institute of Health study stated it had not effect. The other articles seemed sketchy and without any proof. ,1,1,,0,0,0,0,1,1,1,0,1,0,0,0,0,0,0,32.0,83.0,0,62.0,0
jrsKCnbj,A2AKNTBRMYZ95S,MMMNNNYYY,Does Omega Fatty Acids treat Adhd-MMMNNNYYY1.html,"12/20/2021, 08:33:20 AM",3.1700,0.4300,1,no,Y,It is effective according to the topic,1,1,Amazing,1,0,0,0,0,0,0,0,0,0,0,0,0,0,0,0,0,0,0,0
be5afZH8,A1F1TBDHPYAAXT,NNNMMMYYY,Does Omega Fatty Acids treat Adhd-NNNMMMYYY1.html,"12/25/2021, 08:15:08 PM",1.6200,0.3200,1,no,N,The headlines on the articles shown said it fish oil was not effective in treating ADHD,1,1,,0,0,1,0,0,0,0,0,0,0,0,0,0,0,0,0,0,0,0,0
6KBZCiD7,A17VFZIAVVCCSQ,NNNMMMYYY,Does Omega Fatty Acids treat Adhd-NNNMMMYYY0.html,"12/25/2021, 08:13:27 PM",0.8700,0.1500,2,no,N,The first two academic journals indicated that there were no links between the two. ,1,1,,1,1,0,0,0,0,0,0,0,0,0,3.0,0,0,0,0,0,0,0,0
jym7bhme,A6U2C66WQ7QQN,NNNMMMYYY,Does Omega Fatty Acids treat Adhd-NNNMMMYYY2.html,"12/21/2021, 07:13:58 PM",7.5000,5.9500,4,no,NS,the most serious looking sites I went to said that it can not be proven to help but a few sites made it seem like it could. I would like to see more studies done to know for sure.,1,1,I am curious if that was a real Google search or if it was just links you made. I should have paid attention to see.,1,1,0,1,1,0,0,0,0,0,41.0,11.0,0,24.0,0,0,0,0,0,0
7TaJTfKJ,A14E0Y5HPALKZN,NNNMMMYYY,Does Omega Fatty Acids treat Adhd-NNNMMMYYY2.html,"12/20/2021, 01:04:58 PM",2.8000,1.2000,2,no,N,One of the studies showed it did not have any beneficial effect,1,1,,0,1,0,1,0,0,0,0,0,0,0,0,0,59.0,0,0,0,0,0,0
nhF3Gh25,A3MYPYBVHX7FQ2,NNNMMMYYY,Does Omega Fatty Acids treat Adhd-NNNMMMYYY0.html,"12/20/2021, 11:30:39 AM",7.1300,3.0300,4,no,N,I read the abstract from two separate studies that showed no correlation between using Omega Fatty Acids and reduction in symptoms of ADHD,1,1,,1,1,1,0,0,1,0,0,0,0,93.0,41.0,0,0,0,15.0,0,0,0,0
JY2P6ASh,A1DUPOUC9RNU4L,YNMYNMYNM,Does Omega Fatty Acids treat Adhd-YNMYNMYNM2.html,"12/27/2021, 02:33:51 PM",7.5300,2.0300,2,no,N,I relied on the information presented from NIH from the Korean Journal of Pediatrics.,1,1,,0,0,1,0,0,0,0,1,0,0,0,0,85.0,0,0,0,0,0,0,0
FfaxMACN,A273EH17NSJRH0,YNMYNMYNM,Does Omega Fatty Acids treat Adhd-YNMYNMYNM1.html,"12/27/2021, 02:33:16 PM",3.5000,0.2700,3,no,N,The trial that I found showed that omega-3 did not do anything and was not effective for children with ADHD,1,1,,0,1,0,0,0,1,0,0,1,0,0,11.0,0,0,0,0,0,0,3.0,0
BsnrEKHX,A2SENAPNSXG9L,YNMYNMYNM,Does Omega Fatty Acids treat Adhd-YNMYNMYNM0.html,"12/21/2021, 07:26:07 PM",4.0500,2.9800,5,no,M,"A study showed no effects after 8 weeks, however one may need more time to see the benefits of omega fatty acids.",1,1,,1,1,1,0,0,1,1,0,0,0,40.0,0,2.0,0,0,24.0,34.0,0,0,0
a32sj38F,A1H5Q9HRH4RPZU,YNMYNMYNM,Does Omega Fatty Acids treat Adhd-YNMYNMYNM0.html,"12/21/2021, 11:15:53 AM",1.3000,0.2000,1,no,Y,"Benefits have been observed, attention focus and memory",1,1,,1,0,0,0,0,0,0,0,0,0,0,0,0,0,0,0,0,0,0,0
RkHjsXts,A20N1NK5X5S88F,YNMYNMYNM,Does Omega Fatty Acids treat Adhd-YNMYNMYNM2.html,"12/20/2021, 09:09:21 PM",1.7700,0.8500,1,no,Y,eating fewer omega 3's increase your risk for developing ADHD,1,1,,1,0,0,0,0,0,0,0,0,0,0,0,0,0,0,0,0,0,0,0
C8MmtK4j,A1DXGBSF4E3WTI,ANYMNYMNYM,Does Omega Fatty Acids treat Adhd-ANYMNYMNYM2.html,"12/26/2021, 05:19:15 PM",10.5700,4.7800,7,no,M,"I put ""maybe"" even though I lean towards the answer being ""no"". The article I read on Medium I think does a good job poking holes in the science saying that that it might help children. The abstracts to the scientific studies I saw says it should be studies further and the later one says that there was no benefit to Omega-3 supplementation. But then the article from VeryWellMind put me in the camp of perhaps if I had this issue I would give fish oil supplements a try even if they don't work.  ",1,1,This was an interesting task to think about. ,1,1,1,1,1,1,1,0,0,0,21.0,2.0,2.0,2.0,11.0,0,3.0,0,0,0
KHxwCc8e,A37OUZOGQKGMW0,ANYMNYMNYM,Does Omega Fatty Acids treat Adhd-ANYMNYMNYM1.html,"12/26/2021, 05:16:49 PM",20.3500,7.3800,2,no,Y,"Omega-3 increases synthesis of dopamine in the body.  Dopamine is a neurotransmitter that ADHD medications act to increase. School children were given fish oil for three months. During the three months children had significant improvements in behavior, reading, and spelling. ",1,1,none,0,0,1,1,0,0,0,0,0,0,0,0,379.0,0,0,0,0,0,0,0
AcKnAhsa,A24ZP6TOKYBSQS,ANYMNYMNYM,Does Omega Fatty Acids treat Adhd-ANYMNYMNYM0.html,"12/26/2021, 02:13:18 PM",1.4000,0.3000,1,no,N,It does not treat ADHD but shows that people who have ADHD have low amounts of Omega fatty acids ,1,1,,0,0,0,0,0,1,0,0,0,0,0,0,0,0,0,0,0,0,0,0
dMcsjskY,A2GO0EY5FW18AG,YMNYMNYMN,Does Omega Fatty Acids treat Adhd-YMNYMNYMN2.html,"12/21/2021, 07:29:41 PM",3.6500,1.5000,3,no,Y,"Most results said omega-3 supplements did improve/alleviate ADHD symptoms. However, the more scientific/official results (e.g., NCBI) said there was no evidence that omega-3 supplements were effective in treating ADHD. ",1,1,,1,1,1,0,0,0,0,0,0,0,3.0,8.0,0,0,0,0,0,0,0,0
JWCptAWC,A1INL9RS5TI9QB,YMNYMNYMN,Does Omega Fatty Acids treat Adhd-YMNYMNYMN1.html,"12/21/2021, 07:19:14 PM",7.4000,0.2700,1,no,Y,The search results shows that Omega Fatty Acids optimize the neurotransmitter that ADHD medications act to increase.,1,1,Nice Survey.,1,0,0,0,0,0,0,0,0,0,0,0,0,0,0,0,0,0,0,0
B5ZYKhih,A2QX2B50DM45E2,YMNYMNYMN,Does Omega Fatty Acids treat Adhd-YMNYMNYMN0.html,"12/21/2021, 07:17:55 PM",2.4800,1.1800,3,no,Y,"It can help, it might not always help but it has worked for some so it is something to at least consider. ",1,1,"Nothing else, fun survey.",1,0,0,1,0,0,1,0,0,0,18.0,0,0,35.0,0,0,0,0,0,0
PDd6mpsW,A1DD23J1WBGQUU,YMNYMNYMN,Does Omega Fatty Acids treat Adhd-YMNYMNYMN2.html,"12/20/2021, 09:01:52 PM",2.6800,0.8200,2,no,N,"A study cited by the National Library of Medicine states that in a double-blind placebo-controlled randomized trial, no notable benefit was found in Omega Fatty Acid supplementation for children with ADHD.",1,1,,0,1,0,0,0,1,0,0,0,0,0,32.0,0,0,0,0,0,0,0,0
PBN5k3Ya,AIHHRINW9IN1I,YMNYMNYMN,Does Omega Fatty Acids treat Adhd-YMNYMNYMN0.html,"12/20/2021, 08:59:54 PM",3.2200,1.7500,4,no,N,"I read about several double-blind studies done on this topic with groups of children with ADHD, given either Omega fatty acids or a placebo, and there was no evidence that it was more beneficial than the placebo in the studies presented on the NIH or other reputable sources of information.",1,1,,0,0,1,0,1,1,0,1,0,0,0,0,7.0,0,5.0,4.0,0,0,0,0
xZ2PAaT4,A10HW8JXM17XLD,YYYMMMNNN,Does Omega Fatty Acids treat Adhd-YYYMMMNNN2.html,"12/21/2021, 06:20:37 PM",12.4200,8.8800,6,no,M,"There are some studies that have shown low to moderate benefits of treating ADHD with Omega Fatty Acid supplementation. However, other studies found little to no improvement in cognitive function and school performance when children with ADHD were given Omega Fatty Acids. Therefore, the research results are somewhat conflicting and more research is needed. ",1,1,This was a very interesting and engaging study. Thank you for the opportunity to participate. ,1,0,0,1,0,1,1,1,1,0,67.0,0,0,128.0,0,117.0,62.0,79.0,0,0
fcJeGsRS,A3QAL3X23LHJRV,YYYMMMNNN,Does Omega Fatty Acids treat Adhd-YYYMMMNNN1.html,"12/21/2021, 06:19:29 PM",5.4000,0.2300,1,no,Y,The information I read indicated that several studies found it to be effective in treating Adhd and it is safe and well-tolerated. ,1,1,,0,0,0,0,1,0,0,0,0,0,0,0,0,0,0,0,0,0,0,0
QsntD3jW,A2ZXAOOHUVU1YG,YYYMMMNNN,Does Omega Fatty Acids treat Adhd-YYYMMMNNN2.html,"12/21/2021, 10:52:54 AM",1.6200,0.1200,2,no,Y,Omega Fatty Acids cane be used for the treatment of ADHD. The Omega Fatty acids in fishes are more helpful for treatment of ADHD.,1,1,None,1,1,0,0,0,0,0,0,0,0,4.0,0,0,0,0,0,0,0,0,0
EPT23bjb,ACSKECAUUHJQC,YYYMMMNNN,Does Omega Fatty Acids treat Adhd-YYYMMMNNN1.html,"12/21/2021, 10:48:45 AM",1.9200,0.1500,1,no,Y,Solid scientific research suggests that taking a daily fish oil capsule can help cure symptoms of ADHD like distractibility and impulsivity.,1,1,none,0,1,0,0,0,0,0,0,0,0,0,0,0,0,0,0,0,0,0,0
fMGKHzC6,A36HIBTTWA6ZF8,YYYMMMNNN,Does Omega Fatty Acids treat Adhd-YYYMMMNNN0.html,"12/21/2021, 10:42:38 AM",4.6800,0.9800,2,no,Y,As of my information collected from the resources ADHD can be treated by Omega Fatty acids. They are mostly found in the fishes and it is helpful for the treatment of ADHD.,1,1,None,1,1,0,0,0,0,0,0,0,0,33.0,0,0,0,0,0,0,0,0,0
WMFDQH3b,A3ENS1XT17ODR6,NMYNMYNMY,Does Omega Fatty Acids treat Adhd-NMYNMYNMY2.html,"12/23/2021, 07:12:54 AM",6.6300,3.2200,3,no,M,There were studies on both sides of the argument. The affect shown may be a fluke or only works on a small subset of adhd sufferers. ,1,1,,1,0,0,1,1,0,0,0,0,0,27.0,0,0,62.0,0,0,0,0,0,0
xMCpneBA,A3L4JI1S352HB8,NMYNMYNMY,Does Omega Fatty Acids treat Adhd-NMYNMYNMY0.html,"12/23/2021, 06:30:47 AM",3.2200,1.0200,1,no,M,The article I read indicated that research is still being conducted but evidence/results are not 100% conclusive.,1,1,,0,1,0,0,0,0,0,0,0,0,0,0,0,0,0,0,0,0,0,0
ES32sZHP,A1XQOZV8LQDM22,NMYNMYNMY,Does Omega Fatty Acids treat Adhd-NMYNMYNMY2.html,"12/20/2021, 09:34:15 PM",3.5300,0.1500,1,no,M,In what I read omega supplements only worked in children that had lower levels of EPA in their blood.,1,1,N/A,0,0,0,0,0,0,0,1,0,0,0,0,0,0,0,0,0,0,0,0
QGfZk6yJ,A21STU4Z97J2Z6,NMYNMYNMY,Does Omega Fatty Acids treat Adhd-NMYNMYNMY0.html,"12/20/2021, 09:30:33 PM",3.9200,2.9500,2,no,N,It seemed to have such a wide variety of results that it's not consistently effective and cannot be seen as a treatment.,1,1,,0,0,0,1,0,0,0,1,0,0,0,0,0,30.0,0,0,0,0,0,0
SYXcFSPw,A157L6Z8QU3SDE,NMYNMYNMY,Does Omega Fatty Acids treat Adhd-NMYNMYNMY1.html,"12/20/2021, 08:39:22 PM",1.7800,0.0700,1,no,N,One article mentions a test where the results were the same between patients who received the placebo and those who received the omega fatty acid supplement. ,1,1,,1,0,0,0,0,0,0,0,0,0,0,0,0,0,0,0,0,0,0,0
y72M5KfA,A1QMJNJ5FGC09,ANMYNMYNMY,Does Omega Fatty Acids treat Adhd-ANMYNMYNMY1.html,"12/28/2021, 10:46:39 AM",5.5700,0.3200,1,no,Y,"Fish oil provides specific omega-3 fatty acids, eicosapentaenoic acid (EPA) and docosahexaenoic acid (DHA), which are essential for brain, cardiovascular, immune, and general metabolic health.",1,1,,1,0,0,0,0,0,0,0,0,0,0,0,0,0,0,0,0,0,0,0
jK8AWprJ,A1QCUR2Z75LS5N,ANMYNMYNMY,Does Omega Fatty Acids treat Adhd-ANMYNMYNMY2.html,"12/26/2021, 06:00:39 PM",5.3500,2.1800,5,no,Y,"ADHD patients show a common trend in levels of omega 3. Scientists believe that consuming fish oil, which contains omega 3 can help curb some of the symptoms of adhd. There is some controversy but it seems that most believe that fish oil is a good supplement to take for adhd. (people with allergies shouldnt take it.)",1,1,,1,0,0,1,0,0,1,1,1,0,11.0,0,0,26.0,0,0,0,19.0,46.0,0
WnYA3Z6n,A1SISJL5ST2PWH,ANMYNMYNMY,Does Omega Fatty Acids treat Adhd-ANMYNMYNMY1.html,"12/26/2021, 05:49:23 PM",5.9200,4.6800,4,no,M,"Based on a few research studies and some medical advice, it seems Omega Fatty Acids may be beneficial but more research still needs to be done.",1,1,,0,1,1,1,0,0,1,0,0,0,0,21.0,0,51.0,0,0,189.0,0,0,0
kRaTR26w,A3HE29W5IDR394,ANMYNMYNMY,Does Omega Fatty Acids treat Adhd-ANMYNMYNMY0.html,"12/26/2021, 05:46:31 PM",9.5500,2.8500,3,no,N,The NIH has sponsored three studies between 2006 and 2019 that show no statistically significant benefit to children aged 6-15 in a short term basis. There does not appear sufficient information to show that ADHD is the result of a correctable nutrient deficiency.,1,1,Awesome interface! Would love to see more sert@314159.anonaddy.me if you need more. ,0,1,1,0,0,0,0,1,0,0,0,0,55.0,0,0,0,0,50.0,0,0
f6rZmkEC,A38ZP9C44DGJXU,ANMYNMYNMY,Does Omega Fatty Acids treat Adhd-ANMYNMYNMY0.html,"12/26/2021, 02:24:29 PM",23.6200,0.5300,1,no,M,Because of my opinion what i have to read in information.,1,1,None,1,0,0,0,0,0,0,0,0,0,0,0,0,0,0,0,0,0,0,0
NSzJd6rM,A20XDCBFKG4TEE,ANNNYYYMMM,Does Omega Fatty Acids treat Adhd-ANNNYYYMMM0.html,"12/28/2021, 01:13:59 PM",6.0300,0.4000,1,no,M,The first row showed results saying that it didn't help with people with ADHD but as you scrolled down there was an article that is updated and shows that it actually helps improve attention in some ADHD patients. ,1,1,"I know that a while back people thought it didn't help.  They have now updated their facts and it indeed does help improve, although not completely treat.  Either way it is a good ingredient for improvement.  ",0,0,1,0,0,0,0,0,0,0,0,0,0,0,0,0,0,0,0,0
yZPEhM66,A3MNL6RIME0845,ANNNYYYMMM,Does Omega Fatty Acids treat Adhd-ANNNYYYMMM1.html,"12/28/2021, 11:08:37 AM",5.4200,0.6200,2,no,Y,"Omega-3 fatty acid supplementation, particularly with higher doses of eicosapentaenoic acid, was modestly effective in the treatment of ADHD. Fatty acids offer great promise as a suitable therapy for ADHD.",1,1,,0,1,0,0,1,0,0,0,0,0,0,16.0,0,0,0,0,0,0,0,0
Q4nGmibe,A7ERZELTAMWL5,ANNNYYYMMM,Does Omega Fatty Acids treat Adhd-ANNNYYYMMM1.html,"12/26/2021, 05:01:09 PM",6.6500,3.4200,4,no,N,I read two studies that they did with kids with ADHD and found no significant results which helped with ADHD. Mayo clinic said that the results of the test that they had seen were mixed at best.  So I wouldn't think that it was effective.  ,1,1,"I don't trust some sites that I see claiming the benefits of certain things because I think that they have a stake in the research being right, so that they can sell you a product.",0,1,0,1,0,1,0,0,1,0,0,77.0,0,36.0,0,49.0,0,0,0,0
rdWXneJP,A3H1R064820RXL,ANNNYYYMMM,Does Omega Fatty Acids treat Adhd-ANNNYYYMMM2.html,"12/26/2021, 05:00:20 PM",1.3700,0.2300,1,no,N,Studies found that Omega Fatty Acids had no effect on children diagnosed with ADHD,1,1,,0,0,1,0,0,0,0,0,0,0,0,0,0,0,0,0,0,0,0,0
fxYefyrH,A3A8P4UR9A0DWQ,ANNNYYYMMM,Does Omega Fatty Acids treat Adhd-ANNNYYYMMM0.html,"12/26/2021, 04:21:35 PM",4.3500,2.4800,2,no,Y,Our body naturally makes Omega-3 but sometimes not enough. Omega-3 Can be added by eating fatty fish which will then give your brain more Omega-3 to help regulate emotion and compulsive behavior. ,1,1,,0,0,0,0,1,0,1,0,0,0,0,0,0,0,118.0,0,0,0,0,0
ySasE5AE,A3UPAXLDS67HKJ,NYMNYMNYM,Does Omega Fatty Acids treat Adhd-NYMNYMNYM2.html,"12/27/2021, 02:57:26 PM",8.3500,3.8500,3,no,M,"Some research shows people with low EPA levels benefitted from the supplement and helped in treating some symptoms of Adhd, however, other research showed no causal relationship, with the placebo having a greater effect on ADHD-RS-IV score reduction.",1,1,,0,0,0,1,1,1,0,0,0,0,0,0,0,120.0,15.0,0,0,0,0,0
tm5JXJXp,AJ4PH5TH4ZGIA,NYMNYMNYM,Does Omega Fatty Acids treat Adhd-NYMNYMNYM1.html,"12/22/2021, 06:43:34 AM",2.1700,0.0500,1,no,M,BECAUSE MAYBE EFFECTIVE ,1,1,GOOD AND KNOW MORE ABOUT OMEGA FATTY ACIDS,0,0,0,0,1,0,0,0,0,0,0,0,0,0,0,0,0,0,0,0
wQStihHP,A143XRCI1YXAFE,NYMNYMNYM,Does Omega Fatty Acids treat Adhd-NYMNYMNYM2.html,"12/20/2021, 09:25:53 PM",0.9700,0.0500,1,no,N,The article I read said there was no evidence to support the hypothesis ,1,1,,1,0,0,0,0,0,0,0,0,0,0,0,0,0,0,0,0,0,0,0
zRSWS8fC,A2K6VG008QFOPN,NNNYYYMMM,Does Melatonin  treat jetlag-NNNYYYMMM2.html,"12/27/2021, 01:41:03 PM",7.3300,0.5800,1,no,Y,Daily dose of melatonin between 0.5mg to 5mg are similarly effective.,1,1,Nice survey.,0,0,0,0,1,0,0,0,0,0,0,0,0,0,0,0,0,0,0,0
PGMYY66A,A1NIRVMGT004CC,NNNYYYMMM,Does Melatonin  treat jetlag-NNNYYYMMM1.html,"12/27/2021, 01:37:41 PM",3.0300,0.2800,1,no,Y,because it provides correct information,1,1,None,1,0,0,0,0,0,0,0,0,0,0,0,0,0,0,0,0,0,0,0
rGiSzCS4,A222XCQ8SXJ3UL,NNNYYYMMM,Does Melatonin  treat jetlag-NNNYYYMMM2.html,"12/20/2021, 10:23:12 AM",1.9200,0.1200,1,no,Y,"I searched both and learn lot of things about Melatonin and jetlag. Melatonin is hormone by your body ,shown symptoms of anxiety. jetlag is a sleep disorder  problem",1,1,,1,0,0,0,0,0,0,0,0,0,0,0,0,0,0,0,0,0,0,0
6H3EfAEp,A1CPY1HLCFTIL1,NNNYYYMMM,Does Melatonin  treat jetlag-NNNYYYMMM1.html,"12/20/2021, 10:19:36 AM",8.2300,1.0000,2,no,NS,The results of the search show that it is not clear as to whether the Melatonin is effective to treating jetlag. The results were not completely dismissing the hormone use.,1,1,Thanks for the chance to participate.,1,0,0,0,0,0,1,0,0,0,39.0,0,0,0,0,0,0,0,0,0
DFGbwHpc,ANA8HLS4U28ZY,NNNYYYMMM,Does Melatonin  treat jetlag-NNNYYYMMM1.html,"12/20/2021, 10:15:51 AM",3.8800,0.0700,1,no,Y,Because Melatonin is a horomone that brain produces in resonponse to darkness. Jetlag is a common sleep problem. I searched both and i learned lot of things,1,1,,1,0,0,0,0,0,0,0,0,0,0,0,0,0,0,0,0,0,0,0
bAf3NySP,AOS2PVHT2HYTL,ANNNMMMYYY,Does Melatonin  treat jetlag-ANNNMMMYYY0.html,"12/28/2021, 11:17:07 AM",7.9700,3.2300,4,no,N,Most researchers have found that it has no effect on the jet lag disorder.,1,1,I would have thought that melatonin would help jet lag.  ,0,1,1,0,1,0,0,0,0,1,0,46.0,53.0,0,68.0,0,0,0,0,0
BYwkS6PZ,A39VZ93N96XB6O,ANNNMMMYYY,Does Melatonin  treat jetlag-ANNNMMMYYY2.html,"12/26/2021, 05:02:47 PM",1.9000,0.4300,2,no,M,"Some of the articles stated that you can use Melatonin for jetlag, while others said it is ineffective. ",1,1,No,0,0,0,0,1,0,0,0,1,0,0,0,0,0,14.0,0,0,0,0,0
YpH74Z32,A2G7N0X0PNX0EE,ANNNMMMYYY,Does Melatonin  treat jetlag-ANNNMMMYYY1.html,"12/26/2021, 05:01:53 PM",10.3500,3.4000,6,no,M,"There seems to be conflicting evidence as to whether or not melatonin is effective in treating jetlag. It appears that doctors, medical experts, and scientists have deemed that melatonin is safe to use to treat sleep disorders, but whether or not it's effective at doing so is less clear. Melatonin may help to induce sleep but it is unlikely to drastically improve sleep quality. At best, it may have a moderate effect on sleep, at worst, it has no effect at all. Ultimately whether or not melatonin is effective in treating jetlag will likely depend on the user.",1,1,Melatonin may have better effects on people who are traveling eastward but clinical trials are largely inconclusive,0,1,1,0,0,1,0,1,1,1,0,42.0,17.0,0,0,35.0,0,30.0,0,42.0
2ZPsMWxY,A1I72NHC21347A,ANNNMMMYYY,Does Melatonin  treat jetlag-ANNNMMMYYY2.html,"12/26/2021, 01:41:09 PM",3.1500,1.8500,3,no,N,In studies done it has not shown that it helps and can actually make it worse depending upon time it is taken. ,1,1,,0,0,1,1,1,0,0,0,0,0,0,0,2.0,3.0,0,0,0,0,0,0
C778RDdQ,A1QUBLZCONL4QD,ANNNMMMYYY,Does Melatonin  treat jetlag-ANNNMMMYYY1.html,"12/26/2021, 01:37:55 PM",2.9700,1.2800,3,no,M,There is no hard facts.,1,1,,1,0,0,1,0,0,1,0,0,0,23.0,0,0,32.0,0,0,0,0,0,0
kb6tjPj2,ANYB94DHDJKNO,NNNMMMYYY,Does Melatonin  treat jetlag-NNNMMMYYY2.html,"12/27/2021, 01:42:19 PM",3.2500,1.8700,3,no,N,"Science studies have indicated that melatonin is ultimately not effective for jet lag because jet lag is a short term shifting of sleep, not a sleep disorder.",1,1,,1,0,0,1,0,0,0,1,0,0,38.0,0,0,29.0,0,0,0,0,0,0
tjN6KMs3,AU7A3QNJF3O00,NNNMMMYYY,Does Melatonin  treat jetlag-NNNMMMYYY0.html,"12/27/2021, 01:39:34 PM",5.0700,2.0800,3,no,M,"There is no definitive answer on whether Melatonin is effective against jetlag. Some studies show that there is zero effect, while other suggest that it IS helpful or that it isn't a definitive solution. With a lot of conflicting and inconclusive information, I don't think there is a definite answer at this time.",1,1,,1,0,0,1,0,0,0,1,0,0,10.0,0,0,49.0,0,0,0,0,0,0
8pmRzt4G,A27PVIL93ZMY46,NNNMMMYYY,Does Melatonin  treat jetlag-NNNMMMYYY2.html,"12/20/2021, 08:56:55 PM",3.3300,0.5500,4,no,N,According to most of the articles I read melatonin might have a slight effect on sleep issues but overall there is no evidence that it does much good for jet lag which usually goes away on it's own after a few days anyway.,1,1,,1,1,0,1,0,0,0,1,0,0,10.0,5.0,0,16.0,0,0,0,0,0,0
jBsKrjBQ,A2SWQM5X54P1O5,NNNMMMYYY,Does Melatonin  treat jetlag-NNNMMMYYY2.html,"12/20/2021, 11:17:33 AM",2.4700,0.3000,2,no,N,"According to a sleep researchers from the University of Alberta, they found no evidence that melatonin effectively treats secondary sleep disorders like jetlag. ",1,1,,0,1,0,1,0,0,0,0,0,0,0,13.0,0,0,0,0,0,0,0,0
3Krm24mm,A1HK32MD7F0B7F,NNNMMMYYY,Does Melatonin  treat jetlag-NNNMMMYYY1.html,"12/20/2021, 11:08:52 AM",2.5200,0.9000,5,no,N,"In most of the link, they say that the studies show that there is no evidence that melatonine helps you to overcome the jetlag.",1,1,,1,1,1,0,1,0,0,1,0,0,8.0,3.0,8.0,0,4.0,0,0,0,0,0
jyTDNGa2,A2PI6RY9USPIRS,MYNMYNMYN,Does Melatonin  treat jetlag-MYNMYNMYN2.html,"12/27/2021, 02:40:42 PM",4.7700,0.1300,1,no,Y,"Based on the published article, the studies conclusion were that melatonin is effective in reducing jetlag but there are concerns of side effects if you suffer from specific disorders",1,1,,0,1,0,0,0,0,0,0,0,0,0,0,0,0,0,0,0,0,0,0
f8MtyQGi,A3LT7W355XOAKF,MYNMYNMYN,Does Melatonin  treat jetlag-MYNMYNMYN1.html,"12/22/2021, 08:05:41 PM",10.6700,1.8000,4,no,M,"There is conflicting data as some individuals report consistent relief from Jet lag, however, other individuals do not. Several groups have been studied and in some groups there was relief and in some there was no difference. Most Scientific studies can find no consistent data. So in general it can not be said for certainty that it works.",1,1,,0,0,1,0,1,1,0,1,0,0,0,0,10.0,0,10.0,3.0,0,0,0,0
xZKkeQJe,A3P14W3LWF10U1,MYNMYNMYN,Does Melatonin  treat jetlag-MYNMYNMYN1.html,"12/21/2021, 07:30:11 PM",7.0200,1.5500,1,no,Y,"melatonin hormone responsible to maintain sleep. If body not producing enough ,it can be get from over the counter.",1,1,,0,0,0,0,0,0,0,1,0,0,0,0,0,0,0,0,0,0,0,0
MawPSJAx,AKZUP3VY594E8,MYNMYNMYN,Does Melatonin  treat jetlag-MYNMYNMYN2.html,"12/20/2021, 09:09:56 PM",2.1700,0.3800,1,no,M,"The Mayo Clinic website said melatonin seems to work as a sleep aid, but didn't definitively say that it does. There were also several headlines from websites that said melatonin doesn't work, so that planted some doubts in my mind.",1,1,,0,0,0,0,1,0,0,0,0,0,0,0,0,0,0,0,0,0,0,0
HMFBeern,A1BIJGB7XA0GME,MYNMYNMYN,Does Melatonin  treat jetlag-MYNMYNMYN0.html,"12/20/2021, 09:09:21 PM",4.6700,1.8200,3,no,M,The articles that I read about jetlag and taking Melatonin for it is very controversial and no strong data is available to say if it helps or not. Some people that have had jetlag said it did work others it did not work just made them dizzy. ,1,1,none,1,1,0,0,0,0,1,0,0,0,47.0,37.0,0,0,0,0,0,0,0,0
PfP3srxD,A3SR7LK7TH1B6F,ANYMNYMNYM,Does Melatonin  treat jetlag-ANYMNYMNYM2.html,"12/28/2021, 12:36:19 PM",5.5300,0.6300,1,no,N,researchers at the University of Alberta found no evidence that melatonin is effective in treating secondary sleep disorders,1,1,,0,1,0,0,0,0,0,0,0,0,0,0,0,0,0,0,0,0,0,0
atQzX3CH,A82Q1HS5CPZ5I,ANYMNYMNYM,Does Melatonin  treat jetlag-ANYMNYMNYM1.html,"12/28/2021, 10:35:18 AM",1.7800,0.0300,1,no,Y,"As a jet lag remedy and sleep aid, melatonin has been widely studied, and it's now a commonly accepted part of effective jet lag treatment.",1,1,,0,0,1,0,0,0,0,0,0,0,0,0,0,0,0,0,0,0,0,0
SrcCSAJZ,A14OT0A0N057FL,ANYMNYMNYM,Does Melatonin  treat jetlag-ANYMNYMNYM2.html,"12/26/2021, 05:12:00 PM",2.8800,1.4000,1,no,Y,several studies i looked at suggested it's highly effective in treating that,1,1,,0,0,1,0,0,0,0,0,0,0,0,0,0,0,0,0,0,0,0,0
3pisbSiS,A2RWLFIP23FZA7,ANYMNYMNYM,Does Melatonin  treat jetlag-ANYMNYMNYM1.html,"12/26/2021, 05:11:35 PM",5.1200,0.5700,5,no,N,Because some researches showed that melatonin were no better than placebo at preventing jet lag symptoms.,1,1,No comments.,0,1,1,1,1,0,0,1,0,0,0,3.0,22.0,2.0,2.0,0,0,0,0,0
BXfjQFP2,A1GKD3NG1NNHRP,ANYMNYMNYM,Does Melatonin  treat jetlag-ANYMNYMNYM0.html,"12/26/2021, 02:23:52 PM",15.1800,10.6500,4,no,N,The sources seemed well respected and responsible medical sources for information,1,1,,0,0,0,0,0,0,1,1,1,1,0,0,0,0,0,0,0,11.0,8.0,7.0
Am73x64k,A6R5AQ4D638BH,YYYNNNMMM,Does Melatonin  treat jetlag-YYYNNNMMM1.html,"12/27/2021, 01:33:11 PM",3.7000,0.8700,3,no,M,Some research shows that it can alleviate some symptoms of jet lag but not in all cases.,1,1,,0,1,1,0,0,0,0,1,0,0,0,27.0,13.0,0,0,0,0,0,0,0
4kDzRaaA,A2FHJCRBRP7VH4,YYYNNNMMM,Does Melatonin  treat jetlag-YYYNNNMMM1.html,"12/20/2021, 08:48:20 PM",2.8300,0.6300,2,no,M,There are many different answers and they seem inconclusive about the use of melatonin for jetlag. It's not as effective to use for many people.,1,1,n/a,0,0,0,0,0,1,0,0,1,0,0,0,0,0,0,0,0,0,30.0,0
hTwjHiW3,A1PHDT66U6IK4Q,YYYNNNMMM,Does Melatonin  treat jetlag-YYYNNNMMM1.html,"12/20/2021, 10:22:07 AM",6.7300,1280.1200,4,no,Y,"Melatonin will do two things: first, it will help change your body clock time to help you get over jet lag faster. Second, it will help you fall asleep when switching between time zones, telling your brain to sleep at a different time than normal.",1,1,Very interesting and instructive study !,1,1,1,1,0,0,0,0,0,0,76203.0,15.0,568.0,0,0,0,0,0,0,0
6bysSxFx,A30VLAIIJIG5IS,YYYNNNMMM,Does Melatonin  treat jetlag-YYYNNNMMM0.html,"12/19/2021, 11:57:08 AM",2.9800,1.2300,2,no,M,"Some experts does it say it help, but others say the results a non conclusive",1,1,nothing further to add,0,1,0,1,0,0,0,0,0,0,0,0,0,37.0,0,0,0,0,0,0
A5FMAaxh,A3UDUHUVFKD833,YYYNNNMMM,Does Melatonin  treat jetlag-YYYNNNMMM1.html,"12/14/2021, 9:34:15 AM",1.4300,3.2300,2,no,Y,The articles talked about how it will help with my bodys internal clock and overcome jetlag.,1,1,,1,0,1,0,0,0,0,0,0,0,62.0,0,0,0,0,0,0,0,0,0
Z6hJh3B6,A2S64AUN7JI7ZS,MMMYYYNNN,Does Melatonin  treat jetlag-MMMYYYNNN1.html,"12/27/2021, 03:16:22 PM",4.2200,2.4200,3,no,M,"Most doctors state that jetlag will resolve itself naturally within 3 days, but some have stated that if symptoms persist longer than that Melatonin could help get you on a better sleep pattern",1,1,Thank you,0,1,0,1,1,0,0,0,0,0,0,31.0,0,89.0,0,0,0,0,0,0
4pNQpGwT,AKSJ3C5O3V9RB,MMMYYYNNN,Does Melatonin  treat jetlag-MMMYYYNNN2.html,"12/22/2021, 06:36:33 PM",3.1300,1.2200,5,no,N,"Despite numerous claims over a few decades that melatonin might be helpful in alleviating jetlag, the final consensus  i.e. the general prevailing thought on this matter most recently is that melatonin is not helpful in treating jetlag and should not be taken.",1,1,"Interesting, engaging, and well-designed study",1,0,1,1,0,1,0,1,0,0,8.0,0,39.0,4.0,0,11.0,0,0,0,0
bXDJRwhP,A3L0DCUXI7X3A9,MMMYYYNNN,Does Melatonin  treat jetlag-MMMYYYNNN0.html,"12/21/2021, 01:44:19 PM",2.6700,0.5500,1,no,Y,"The doctor quoted in the article said that if used correctly, it is a safe and effective treatment for jetlag.",1,1,no problems,0,0,0,0,1,0,0,0,0,0,0,0,0,0,0,0,0,0,0,0
FDWjn7na,AC10U9G34PQGG,MMMYYYNNN,Does Melatonin  treat jetlag-MMMYYYNNN1.html,"12/17/2021, 09:12:28 AM",0.3000,0.2300,1,no,Y,I think that is the correct answer.,1,1,,1,0,0,0,0,0,0,0,0,0,0,0,0,0,0,0,0,0,0,0
SkwBesdQ,A1O67YS3DU0ZHX,MMMYYYNNN,Does Melatonin  treat jetlag-MMMYYYNNN0.html,"12/17/2021, 08:55:16 AM",1.9300,1.1300,1,no,N,"According to the article, researchers in Alberta, Canada conducted a study and found that melatonin had no effect on those with secondary sleep disorders. ",1,1,,0,0,0,0,0,0,1,0,0,0,0,0,0,0,0,0,0,0,0,0
CmShSEk2,ADXRJFEHIDXRE,MNYMNYMNY,Does Melatonin  treat jetlag-MNYMNYMNY2.html,"12/27/2021, 03:25:34 PM",2.6700,1.0300,3,no,N,There were several scientific reviews in the search results that mention that it found no evidence that Melatonin was effective in treating jetlag.,1,1,,0,1,0,0,0,0,1,1,0,0,0,37.0,0,0,0,0,2.0,0,0,0
5h2SQtGY,ALO5E33ME3Z82,MNYMNYMNY,Does Melatonin  treat jetlag-MNYMNYMNY1.html,"12/27/2021, 02:44:20 PM",9.9300,0.4000,2,no,Y,As two melatonin products were licensed as a prescription medication for managing short term jet lag by the UK's medicines and healthcare  products regulatory agency.,1,1,No,1,1,0,0,0,0,0,0,0,0,20.0,0,0,0,0,0,0,0,0,0
Ei4EyAWB,AJXIC6Q5EM76P,MNYMNYMNY,Does Melatonin  treat jetlag-MNYMNYMNY0.html,"12/22/2021, 11:19:28 AM",2.2700,0.9300,2,no,N,Analyzing research showed that melatonin at best offers 10 minutes of sleep per 8 hours of sleep which is not a huge deal.,1,1,,1,1,0,0,0,0,0,0,0,0,37.0,0,0,0,0,0,0,0,0,0
xB4ZXp7C,A221PNPQRV4FC4,MNYMNYMNY,Does Melatonin  treat jetlag-MNYMNYMNY0.html,"12/20/2021, 09:02:47 PM",3.5300,1.6500,3,no,M,"There were multiple sources saying that it was effective, but others that said that there was no evidence of this being an effective treatment.",1,1,,0,1,1,0,0,1,0,0,0,0,0,23.0,43.0,0,0,0,0,0,0,0
hRtRwe6k,A2FRVUNDQQY7S9,NYMNYMNYM,Does Melatonin  treat jetlag-NYMNYMNYM1.html,"12/27/2021, 03:32:22 PM",4.4300,2.0700,1,no,Y,"Your body treats melatonin as a darkness signal, so melatonin generally has the opposite effect of bright light.",1,1,,0,1,0,0,0,0,0,0,0,0,0,0,0,0,0,0,0,0,0,0
smiZwbX8,A2RNSGLLNOIQR5,NYMNYMNYM,Does Melatonin  treat jetlag-NYMNYMNYM2.html,"12/23/2021, 10:11:45 AM",5.1700,0.4000,1,no,Y,Jet lag is a temporary sleep disorder. It occurs when the body's internal clock is out of sync with cues from a new time zone,1,1,Gather more information,1,0,0,0,0,0,0,0,0,0,0,0,0,0,0,0,0,0,0,0
MiJWE5sY,A1Q6VY3C3CEOA0,NYMNYMNYM,Does Melatonin  treat jetlag-NYMNYMNYM0.html,"12/23/2021, 06:15:04 AM",24.4200,13.4000,3,no,M,"Some studies from the late 90's to the mid 2000s suggest that melatonin can be marginally effective in treating jet lag symptoms, but more current studies suggest that the hormone had no effect in mitigating jetlag symptoms.  There is at least one doctor in the UK who thinks that melatonin should no longer be accepted for use by the National Health Service for treating jetlag, due to lack of current evidence which supports its use.  Nonetheless, this implies that melatonin is still being used for jetlag purposes by the NHS, so there is still ambiguity involved concerning this topic.",1,1,,1,1,1,0,0,0,0,0,0,0,236.0,304.0,0,0,0,0,0,0,0,0
e4rEPaBn,A3S300T3IVQ2GC,NYMNYMNYM,Does Melatonin  treat jetlag-NYMNYMNYM2.html,"12/22/2021, 06:41:53 AM",2.1700,1.2700,2,no,M,"In one publication, it said it was effective. In another, it said it was not effective. I believe it also depends on the person. Some placebos have been known to mess with peoples thoughts. ",1,1,,1,1,0,0,0,0,0,0,0,0,32.0,0,0,0,0,0,0,0,0,0
5tX3nW2m,APVJEN2541WFB,NYMNYMNYM,Does Melatonin  treat jetlag-NYMNYMNYM1.html,"12/20/2021, 09:16:31 PM",3.2300,0.6000,2,no,M,I saw a study saying that it was not helpful as you would have to get the timing down exactly other wise it would cause jetlag to be worse instead of better.  I also saw a recommendation for using melatonin and that it was incredibly helpful.  It would seem to me that its not been fully proven one way or an I saw where some people said that it worked wonders for them and they could not have gotten over jetlag with out it and yet I saw that it did not help some that they ended up more tired. ,1,1,,1,0,1,0,0,0,0,0,0,0,20.0,0,0,0,0,0,0,0,0,0
ea4cjftZ,AZCGSVDT79E6X,YYYMMMNNN,Does Melatonin  treat jetlag-YYYMMMNNN0.html,"12/27/2021, 01:31:30 PM",3.7700,1.4700,2,no,Y,"A frequent fly, someone who has a lot of experience with flying has been taking melatonin for a while and says it works 75% of the time for them. Many doctors also recommend a 3 mg dose for up to 5 days after traveling, this tells me doctors also can support it.",1,1,,1,1,0,0,0,0,0,0,0,0,25.0,0,0,0,0,0,0,0,0,0
PE325Z23,A1YSYI926BBOHW,YYYMMMNNN,Does Melatonin  treat jetlag-YYYMMMNNN1.html,"12/21/2021, 10:39:35 AM",2.0700,1.1000,3,no,N,the science daily article said there is no proof melatonin actually helps with jetlag.,1,1,,1,0,1,0,0,0,0,0,1,0,23.0,0,27.0,0,0,0,0,0,0,0
7eSMthM3,A1NQOR4RQJJDMW,YYYMMMNNN,Does Melatonin  treat jetlag-YYYMMMNNN2.html,"12/20/2021, 08:46:39 PM",3.1700,1.0500,1,no,Y,"Melatonin, taken close to the target bedtime at the destination (10pm to midnight), decreased jet-lag from flights crossing five or more time zones. Daily doses of melatonin between 0.5 and 5mg are similarly effective",1,1,Thanks :),1,0,0,0,0,0,0,0,0,0,2.0,0,0,0,0,0,0,0,0,0
jRBnYFcB,A320QA9HJFUOZO,YYYMMMNNN,Does Melatonin  treat jetlag-YYYMMMNNN0.html,"12/20/2021, 08:45:15 PM",2.3800,0.4200,3,no,M,There was conflicting information in different articles.,1,1,n/a,1,0,1,0,0,0,1,0,0,0,7.0,0,5.0,0,0,0,0,0,0,0
D6YYQfcp,A1I7H6RDJS4EKN,YYYMMMNNN,Does Melatonin  treat jetlag-YYYMMMNNN1.html,"12/19/2021, 09:14:10 AM",25.4300,5.1700,2,no,Y,jet lag is caused by the change in time zones that modern travelers experience. It confuses/disrupts the natural sleep-wake rhythm in such individuals who end up in a significantly different time zone and thus find it hard to sleep. Melatonin is a natural hormone that is released at night and induces sleep. By taking melatonin pills the jet-lagged traveler's brain is tricked into its sleep time even though that is not the same time as the time in at the traveler's home base. ,1,1,"I take melatonin myself, along with L-Theanine to sleep when I am too wound up to do so. Though I haven't been on a jet plane since 1993.",0,0,1,0,0,1,0,0,0,0,0,0,0,0,0,127.0,0,0,0,0
BHX8xdQ3,A3JC9VPPTHNKVL,YMNYMNYMN,Does Melatonin  treat jetlag-YMNYMNYMN2.html,"12/27/2021, 01:51:46 PM",3.3500,1.1500,2,no,N,"One article said it is effective 75%, and other said it is not effective at all. I am in the opinion that we should not take medicine that has potential side effects, and thus in my opinion, I think it is not effective solution for me.",1,1,,1,0,1,0,0,0,0,0,0,0,54.0,0,0,0,0,0,0,0,0,0
dMFYr3Zx,ADXHWQLUQBK77,YMNYMNYMN,Does Melatonin  treat jetlag-YMNYMNYMN2.html,"12/20/2021, 09:00:00 PM",8.1500,2.4800,4,no,NS,Melatonin can help regulate our sleeppatterns but  it use to combat jetlag is not proven.,1,1,I think that there are other ways to effect Jetlag.,0,0,0,1,1,1,0,0,1,0,0,0,0,62.0,0,23.0,0,0,18.0,0
Nr22iBPw,A3OHYXTHW11HS7,YMNYMNYMN,Does Melatonin  treat jetlag-YMNYMNYMN1.html,"12/20/2021, 08:58:59 PM",1.3000,0.0500,1,no,Y,The research I read said melatonin was effective in treating jetlag in 9/10 trials.,1,1,,1,0,0,0,0,0,0,0,0,0,0,0,0,0,0,0,0,0,0,0
SsyKFfb2,A3K9GTQBOI7O5A,YMNYMNYMN,Does Melatonin  treat jetlag-YMNYMNYMN0.html,"12/20/2021, 08:57:09 PM",1.6800,0.0500,1,no,Y,Its being researched as a sleep aid and results seem favorable. ,1,1,,1,0,0,0,0,0,0,0,0,0,0,0,0,0,0,0,0,0,0,0
EmEXapPB,A1V2H0UF94ATWY,YNMYNMYNM,Does Melatonin  treat jetlag-YNMYNMYNM2.html,"12/27/2021, 02:25:57 PM",1.8200,0.2500,1,no,N,"The headline stating, Latest Research says using Melatonin for jet lag doesn't counter jet lag.",1,1,none,0,0,0,0,0,0,0,1,0,0,0,0,0,0,0,0,0,0,0,0
rZZERXar,A1NRWXWPCAXDYP,YNMYNMYNM,Does Melatonin  treat jetlag-YNMYNMYNM2.html,"12/20/2021, 09:04:16 PM",4.4500,0.6000,1,no,Y,Based on the trial study from National Library of Medicine,1,1,,1,0,0,0,0,0,0,0,0,0,0,0,0,0,0,0,0,0,0,0
T5B7MwDp,AIA7RZSAONU5M,YNMYNMYNM,Does Melatonin  treat jetlag-YNMYNMYNM1.html,"12/20/2021, 09:03:17 PM",4.5800,2.3000,5,no,M,"Some studies say melatonin works to help get your body back in sleep rhythm after long flights, other studies say it has absolutely no effect. The results from study to study are very inconsistent. ",1,1,"No comments, thank you!",1,1,1,1,0,1,0,0,0,0,3.0,7.0,2.0,122.0,0,0,0,0,0,0
Bs5zpZGF,ALJ70B2J04YR7,YNMYNMYNM,Does Melatonin  treat jetlag-YNMYNMYNM0.html,"12/20/2021, 04:27:19 PM",5.1800,3.6500,3,no,N,"The first article said it was, but all the others warned it wasn't, and one even included a study to verify.  Another article said even if it did work, many people take at wrong time of day.  It can cause seizures too.",1,1,,1,1,1,0,0,0,0,0,0,0,98.0,53.0,0,0,0,0,0,0,0,0
cT8z7xPf,A1QW2XUJ7KZCV5,ANMYNMYNMY,Does Melatonin  treat jetlag-ANMYNMYNMY1.html,"12/27/2021, 04:59:37 PM",7.2000,4.1000,4,no,M,"I read different articles, some say that melatonin helps with jetlag, and others say that is doesn't.",1,1,,0,1,0,1,0,0,1,0,0,1,0,77.0,0,0,0,0,35.0,0,0,65.0
ciE4yYxB,AU34T9OMHN4Z4,ANMYNMYNMY,Does Melatonin  treat jetlag-ANMYNMYNMY2.html,"12/26/2021, 05:32:25 PM",2.7200,1.3300,3,no,M,No scientific proof of effectiveness.,1,1,,0,1,1,1,0,0,0,0,0,0,0,7.0,5.0,0,0,0,0,0,0,0
cPGQbnGz,A3UQ5DF8VVD975,ANNNYYYMMM,Does Melatonin  treat jetlag-ANNNYYYMMM0.html,"12/27/2021, 03:06:20 PM",7.0300,4.9200,2,no,N,"Several studies have been done regarding the effects of melatonin on jetlag and other sleep disorders caused by sleep restriction. In most cases, these studies show that melatonin had little or no effect on jetlag.",1,1,,0,1,1,0,0,0,0,0,0,0,0,192.0,0,0,0,0,0,0,0,0
H6xAAcSw,A2NKW6JBEM4LL4,ANNNYYYMMM,Does Melatonin  treat jetlag-ANNNYYYMMM2.html,"12/26/2021, 03:45:36 PM",1.4500,0.2200,1,no,Y,"More recent articles, including one in 2020 from CNBC indicated it was 75% effective at reducing jet lag.",1,1,,0,0,0,0,1,0,0,0,0,0,0,0,0,0,0,0,0,0,0,0
CjKztGAn,A2YTQDLACTLIBA,ANNNYYYMMM,Does Melatonin  treat jetlag-ANNNYYYMMM1.html,"12/26/2021, 03:44:52 PM",1.9300,0.9800,1,no,N,Study by nuerolagists found that it did not have any effect.,1,1,,0,0,1,0,0,0,0,0,0,0,0,0,0,0,0,0,0,0,0,0
Xe4nHbyC,AG36U7IOG2LAP,ANNNYYYMMM,Does Melatonin  treat jetlag-ANNNYYYMMM2.html,"12/26/2021, 01:16:31 PM",3.2200,1.7000,4,no,N,Seems there was no evidence at all to support that Melatonin makes a difference with Jetlag.,1,1,,0,1,0,1,0,1,0,0,1,0,0,30.0,0,16.0,0,31.0,0,0,0,0
GYCQkzcD,A10249252O9I20MRSOBVF,ANNNYYYMMM,Does Melatonin  treat jetlag-ANNNYYYMMM1.html,"12/26/2021, 01:12:43 PM",3.5300,0.3000,1,no,N,"Most of the studies show it is not effective. OK for short-term, but nothing long term as jet lag is more of a secondary disorder.",1,1,,0,0,0,1,0,0,0,0,0,0,0,0,0,0,0,0,0,0,0,0
CzkMnkKz,A2KRPK3GQR0GA9,NMYNMYNMY,Does Melatonin  treat jetlag-NMYNMYNMY2.html,"12/23/2021, 12:22:02 PM",2.9200,1.5300,1,no,M,Some studies suggest that melatonin helps with jet lag but there's no confirmed data either way and I believe there are other natural remedies to deal with it,1,1,Nothing that I can think of but have a happy holidays,0,1,0,0,0,0,0,0,0,0,0,0,0,0,0,0,0,0,0,0
K55F4tEr,A2FP41BSPG0Y4A,NMYNMYNMY,Does Melatonin  treat jetlag-NMYNMYNMY0.html,"12/21/2021, 02:04:08 PM",9.6300,0.5200,2,no,Y,"melatonin aids sleep during times when you wouldn't normally be resting, making it beneficial for people with jet lag, Your body treats melatonin as a darkness signal, so melatonin generally has the opposite effect of bright light.",1,1,no comment,1,0,0,0,0,1,0,0,0,0,17.0,0,0,0,0,0,0,0,0,0
prnQGWjm,A2389DERMNF3ZB,MMMNNNYYY,Does Melatonin  treat jetlag-MMMNNNYYY0.html,"12/27/2021, 03:18:23 PM",3.4700,2.0700,4,no,M,"A couple of articles say it is has some effectiveness, but not a lot, others say it is not effective.  I got the idea that it is somewhere in between.",1,1,,0,1,0,0,0,1,1,1,0,0,0,10.0,0,0,0,59.0,5.0,0,0,0
XnGBXcbY,A1GD5VPYDUBQ3I,MMMNNNYYY,Does Melatonin  treat jetlag-MMMNNNYYY2.html,"12/22/2021, 07:52:02 AM",8.4000,3.6700,3,no,N,incorrect use of melatonin can result in jet lag being made worse rather than better.,1,1,proper diet and meditation may cure jetlag.,1,0,1,1,0,0,0,0,0,0,85.0,0,53.0,0,0,0,0,0,0,0
sXp5zTsz,AVHGZJNGKHRQJ,MMMNNNYYY,Does Melatonin  treat jetlag-MMMNNNYYY1.html,"12/22/2021, 07:51:29 AM",8.3300,0.9000,2,no,M,latest research says using melatonin for jet lag doesn't counter jet lag but some doctors consider melatonin especially effective for eastward travel and for travel that lasts longer than three days.,1,1,no,1,0,0,0,0,0,0,0,1,0,353.0,0,0,0,0,0,0,0,0,0
pSTwbmm2,A2KSAAQBU5R0F6,MMMNNNYYY,Does Melatonin  treat jetlag-MMMNNNYYY2.html,"12/21/2021, 06:43:24 PM",0.9300,0.0700,1,no,Y,It helps fall asleep faster.,1,1,,1,0,0,0,0,0,0,0,0,0,0,0,0,0,0,0,0,0,0,0
GJpkabxF,A3FCMJXKBSCABF,MMMNNNYYY,Does Melatonin  treat jetlag-MMMNNNYYY0.html,"12/17/2021, 03:18:58 PM",2.5500,2.3300,2,no,Y,By taking melatonin we can help our circadian rhythm adjust to a new time zone.,1,1,Happy holidays! :),0,1,0,0,0,0,0,1,0,0,0,74.0,0,0,0,0,0,0,0,0
SfnKep7m,A2WDF40FA670T9,MMYYNN,Does Ginkgo Biloba treat tinnitus-MMYYNN1.html,"12/27/2021, 02:59:31 PM",5.5200,2.9800,1,no,N,WebMD is supposed to be a trusted source from Medical professionals.  I figured it would have good information about a supplement.  I also know there are comments where I can read reader reactions.  The WebMD article said there was no evidence that Ginko was effective in treating tinnitus.,1,1,,0,0,0,0,1,0,0,0,0,0,0,0,0,0,0,0,0,0,0,0
2SjX2t3b,A1F5E941TP0UIZ,MMYYNN,Does Ginkgo Biloba treat tinnitus-MMYYNN0.html,"12/27/2021, 02:59:27 PM",5.0300,2.9200,2,no,Y,There we several studies that showed in the right dosage it can help treat,1,1,no,0,1,0,1,0,0,0,0,0,0,0,117.0,0,0,0,0,0,0,0,0
KS3xE3ww,A1NIKHUA79SWGD,MMYYNN,Does Ginkgo Biloba treat tinnitus-MMYYNN0.html,"12/20/2021, 08:34:58 PM",8.0300,2.6000,6,no,M,"All the research seems to state that while there is some evidence to say that Ginkgo Biloba helps some people deal with tinnitus, while there is just as much research to show it as being ineffective at combatting it. This is also made harder to determine by the fact that tinnitus has multiple possible causes, and while it is thought that perhaps Ginkgo Biloba may help with tinnitus brought on by cardiovascular issues, it may not help with tinnitus brought on by other causes. Plus, given that there's no way to measure tinnitus levels (other than the patient explaining how bad it is for them), it's hard to know for sure how effective it truly is in lowering or reducing tinnitus symptoms.",1,1,,1,1,1,1,1,1,0,0,0,0,3.0,2.0,2.0,2.0,1.0,0,0,0,0,0
ETEN4nNQ,A1GTYHV8OYQQLV,MYNMYN,Does Ginkgo Biloba treat tinnitus-MYNMYN1.html,"12/27/2021, 03:02:09 PM",6.0300,1.7300,1,no,M,That it can be effective but is dependent on teting the correct dosage. That ringing of the ears is the main systom of tinnitu. ,1,1,,0,1,0,0,0,0,0,0,0,0,0,0,0,0,0,0,0,0,0,0
WedJh3AC,A21DGLA28OHZD8,MYNMYN,Does Ginkgo Biloba treat tinnitus-MYNMYN0.html,"12/22/2021, 11:35:38 AM",9.9000,0.3000,1,no,M,its shown that ginkgo biloba is not fully effective but it may effective in treating tinnitus in patients who also have other symptoms of cerebral insufficiency,1,1,no,0,1,0,0,0,0,0,0,0,0,0,0,0,0,0,0,0,0,0,0
KSw3xj4C,AYHK8DTZONHKC,MYNMYN,Does Ginkgo Biloba treat tinnitus-MYNMYN2.html,"12/21/2021, 10:25:35 AM",10.7700,3.3500,5,no,M,The search results shows that although some studies have shown some improvement with the use of Ginkgo for tinnitus treatment but there is no consistent evidence to prove it is actually very effective. ,1,1,,1,1,1,1,0,1,0,0,0,0,49.0,56.0,60.0,31.0,0,0,0,0,0,0
PhDWFF3Q,A2VR9O234UCT9T,MYNMYN,Does Ginkgo Biloba treat tinnitus-MYNMYN1.html,"12/20/2021, 08:38:31 PM",7.6000,2.8200,2,no,M,"One study detailed the different effects the chemicals present in Ginkgo Biloba have on the different causes of tinnitus. It stated there was improvement. However, another reliable site stated there is no effective results related to using Ginkgo Biloba. It is apparent that whether or not Ginkgo Biloba is effective depends on the cause of the tinnitus.",1,1,,1,0,0,0,0,1,0,0,0,0,97.0,0,0,0,0,0,0,0,0,0
3DSYMDXz,ATV173DGAIZP9,MYNMYN,Does Ginkgo Biloba treat tinnitus-MYNMYN0.html,"12/20/2021, 08:38:25 PM",3.2300,0.2200,1,no,M,Because Ginkgo's effect on memory enhancement has had conflicting results. While some evidence suggests that ginkgo extract might modestly improve memory in healthy adults,1,1,it has been really good interesting study,1,0,0,0,0,0,0,0,0,0,0,0,0,0,0,0,0,0,0,0
PCC4YhKW,A1S9I3WF8GG4RG,NNYYMM,Does Ginkgo Biloba treat tinnitus-NNYYMM2.html,"12/27/2021, 04:14:28 PM",1.4000,0.3000,1,no,Y,yes,1,1,Very Nice...,1,0,0,0,0,0,0,0,0,0,0,0,0,0,0,0,0,0,0,0
nT7es7A5,A1WPGNK8Y65BV3,NNYYMM,Does Ginkgo Biloba treat tinnitus-NNYYMM1.html,"12/27/2021, 02:59:15 PM",2.7200,0.5200,1,no,M,The article I read said that knowing if it works or not is hindered by lack of evidence.,1,1,Thank You,0,1,0,0,0,0,0,0,0,0,0,0,0,0,0,0,0,0,0,0
4j564BnJ,A2JME2H8YSM0OZ,NNYYMM,Does Ginkgo Biloba treat tinnitus-NNYYMM0.html,"12/23/2021, 12:21:56 PM",1.3800,0.1200,1,no,Y,It can be used as an effective drug,1,1,no,1,0,0,0,0,0,0,0,0,0,0,0,0,0,0,0,0,0,0,0
5AHdc2bm,A1ZV8VUVP2L1EZ,NNYYMM,Does Ginkgo Biloba treat tinnitus-NNYYMM2.html,"12/20/2021, 08:37:15 PM",3.9200,1.3500,2,no,N,Results seems Ginkgo Biloba not effective in treating Tinnitus and it doesn't proven as reducing Tinnitus or improving people lifetime.,1,1,,1,1,0,0,0,0,0,0,0,0,7.0,0,0,0,0,0,0,0,0,0
5pS5EPmm,A2907V9QMK6SN4,NNYYMM,Does Ginkgo Biloba treat tinnitus-NNYYMM1.html,"12/20/2021, 08:36:02 PM",2.6500,0.9700,1,no,N,"The page I read said that studies are limited, and it is generally not effective.",1,1,It can be dangerous according to what I read.,1,0,0,0,0,0,0,0,0,0,0,0,0,0,0,0,0,0,0,0
BWtSebBX,AMA4SXSYNC35I,NYMNYM,Does Ginkgo Biloba treat tinnitus-NYMNYM0.html,"12/26/2021, 12:27:51 AM",4.3200,2.3800,3,no,M,Previous studies have shown contradictory results of Ginkgo biloba extract treatment of tinnitus.,1,1,Determining whether Ginkgo biloba is effective in treating tinnitus is hindered by the lack of evidence.,1,0,0,1,1,0,0,0,0,0,71.0,0,0,0,57.0,0,0,0,0,0
tDnBNSEt,A3S8A6T8K3KAD2,NYMNYM,Does Ginkgo Biloba treat tinnitus-NYMNYM2.html,"12/23/2021, 12:29:10 PM",7.5800,0.2000,1,no,M,"They say that it gives an improvement in the symptoms, but I think it can't cure it.",1,1,Nice and informative survey.,1,0,0,0,0,0,0,0,0,0,0,0,0,0,0,0,0,0,0,0
5DDeazzr,A1GRLZL4F72RBJ,NYMNYM,Does Ginkgo Biloba treat tinnitus-NYMNYM1.html,"12/23/2021, 12:27:44 PM",11.4200,9.5800,5,no,M,"Some articles said it didn't work but the articles that said it worked said that the patient needed to be given a ""big"" dose of the medicine.",1,1,,1,1,0,1,1,1,0,0,0,0,80.0,183.0,0,86.0,131.0,0,0,0,0,0
4W8ZpN6r,A1ANE1156DB9C8,NYMNYM,Does Ginkgo Biloba treat tinnitus-NYMNYM2.html,"12/21/2021, 10:30:39 AM",9.2700,0.3700,1,no,M,According to my answer that Ginkgo Biloba reduces only the  symptoms of the tinnitus and it does not benefit tinnitus. So it may partially used to cure tinnitus and not for full treatment.,1,1,none,1,0,0,0,0,0,0,0,0,0,0,0,0,0,0,0,0,0,0,0
6EGWrXBB,A1Q56N80RJLQ7S,NNMMYY,Does Ginkgo Biloba treat tinnitus-NNMMYY2.html,"12/23/2021, 12:23:25 PM",0.9300,0.0500,1,no,NS,The study I read about was a double blind study so I am unsure.,1,1,,0,1,0,0,0,0,0,0,0,0,0,0,0,0,0,0,0,0,0,0
znHQiD8D,AS4UT5OK9XFR9,NNMMYY,Does Ginkgo Biloba treat tinnitus-NNMMYY1.html,"12/23/2021, 08:30:45 AM",6.9200,0.0800,1,no,M,"Most findings are in contrast with each other so that some of studies reported that Ginkgo biloba is effective in the treatment of tinnitus and other studies referred to it as ineffective herbal medicine. Generally, according to the previous studies and the present study, it can mention that the Ginkgo biloba may somewhat improve tinnitus.",1,1,,0,0,0,1,0,0,0,0,0,0,0,0,0,0,0,0,0,0,0,0
4ZyDaTrN,A14WLAP6TCEKO0,NNMMYY,Does Ginkgo Biloba treat tinnitus-NNMMYY0.html,"12/23/2021, 07:37:22 AM",7.9500,4.9000,4,no,N,Every research paper that investigated the effectiveness of ginkgo biloba said that there was no difference in the state of a person's tinnitus.,1,1,,1,1,1,1,0,0,0,0,0,0,54.0,53.0,0,97.0,0,0,0,0,0,0
imCazE6t,A34Q9JGU37OQJM,NNMMYY,Does Ginkgo Biloba treat tinnitus-NNMMYY1.html,"12/21/2021, 10:15:15 AM",1.6800,0.4000,1,no,N,"The source which seemed most reliable, the top one, did not recommend it and said there is not enough evidence that it is effective",1,1,,1,0,0,0,0,0,0,0,0,0,0,0,0,0,0,0,0,0,0,0
eCzhHkF7,A1PBRKFHSF1OF8,NNMMYY,Does Ginkgo Biloba treat tinnitus-NNMMYY0.html,"12/21/2021, 10:13:42 AM",1.2500,0.2700,1,no,N,The website had a graphic of a red light and clearly said that it had not effect on tinnitus.,1,1,,1,0,0,0,0,0,0,0,0,0,0,0,0,0,0,0,0,0,0,0
8MtJAhk4,A1CH3TODZNQCES,YMNYMN,Does Ginkgo Biloba treat tinnitus-YMNYMN0.html,"12/22/2021, 07:04:31 AM",3.3200,0.5800,1,no,M,Studies unfortunately vary on the effectiveness of the treatment because of how complex tinnitus is and how it ranges from person to person. More high quality studies need to be made to figure it out. ,1,1,"Thanks this was unique compared to other surveys, I really enjoyed it. ",0,1,0,0,0,0,0,0,0,0,0,0,0,0,0,0,0,0,0,0
dKiETkwM,A1UZXOMO6BS6I2,ANYMNYM,Does Ginkgo Biloba treat tinnitus-ANYMNYM0.html,"12/28/2021, 03:57:12 PM",4.2500,2.0300,2,no,M,I briefly read a scientific journal from the Tinnitus Journal regarding the treatment of tinnitus with Ginkgo Biloba. Their conclusion was that it may be effective depending on the person and dose level.,1,1,,0,1,0,0,0,0,1,0,0,0,0,29.0,0,0,0,0,0,0,0,0
a8rRRp8x,A30J4IZCMCR31F,ANYMNYM,Does Ginkgo Biloba treat tinnitus-ANYMNYM0.html,"12/28/2021, 10:56:39 AM",4.5200,1.8500,3,no,Y,A couple of study recaps stated that it observed it was effective,1,1,"Thank you, A30J4IZCMCR31F",0,1,0,0,0,1,1,0,0,0,0,13.0,0,0,0,0,78.0,0,0,0
DZfitZbh,A1N3YG2X9SO4PN,ANYMNYM,Does Ginkgo Biloba treat tinnitus-ANYMNYM1.html,"12/27/2021, 03:12:20 PM",2.4300,0.7000,3,no,N,a few websites sited studies that came to the conclusion that there was no significant difference,1,1,,0,1,0,0,1,1,0,0,0,0,0,0,0,0,12.0,9.0,0,0,0,0
NBB3Btpn,A1PMZUBGXFANCI,ANYMNYM,Does Ginkgo Biloba treat tinnitus-ANYMNYM2.html,"12/26/2021, 03:20:32 PM",1.0800,0.5000,1,no,N,I doubt that there is proven evidence,1,1,,0,1,0,0,0,0,0,0,0,0,0,0,0,0,0,0,0,0,0,0
TSzCtzxY,AXRDY6D16PVVH,NMYNMY,Does Ginkgo Biloba treat tinnitus-NMYNMY0.html,"12/27/2021, 03:03:40 PM",4.4500,0.1300,1,no,Y,It is very effective because it has excellent features and iam satisfied with it. I found it is good and best for people with disorder,1,1,It was interesting.,1,0,0,0,0,0,0,0,0,0,0,0,0,0,0,0,0,0,0,0
Z5Dcf4mY,A4158R4Y06ZB4,NMYNMY,Does Ginkgo Biloba treat tinnitus-NMYNMY2.html,"12/22/2021, 07:43:19 AM",3.1300,0.2200,6,no,M,"Some of the articles said the product was effective, others said it wasn't.",1,1,Thanks and have a great day.,1,1,1,1,1,1,0,0,0,0,8.0,1.0,1.0,1.0,1.0,0,0,0,0,0
AE8Fer33,AD1FDB9A61LMS,NMYNMY,Does Ginkgo Biloba treat tinnitus-NMYNMY0.html,"12/20/2021, 08:42:53 PM",3.8200,1.2800,3,no,N,It was stated to be no more effective than a placebo. I trust that study over the other articles.,1,1,,1,1,0,1,0,0,0,0,0,0,20.0,34.0,0,0,0,0,0,0,0,0
TDw2PWdi,A20UNDC4WRWEXM,YNMYNM,Does Ginkgo Biloba treat tinnitus-YNMYNM2.html,"12/27/2021, 04:32:03 PM",7.1800,0.4800,1,no,Y,BECAUSE THE GINKGO BILOBA TREAMENT IS BETTER RESULTS FOR TINNITUS.,1,1,THIS SURVEY WAS REALLY AMAZING.,1,0,0,0,0,0,0,0,0,0,0,0,0,0,0,0,0,0,0,0
z4GkckfG,A1ZLLYRW6GIVC7,YNMYNM,Does Ginkgo Biloba treat tinnitus-YNMYNM1.html,"12/22/2021, 07:10:13 AM",4.6700,1.8500,1,no,N,The authors conclusion helped me to determine that Ginkgo Biloba would probably not be effective in treating tinnitus.,1,1,"If it was up to me, I would not go by one source to determine if Ginkgo Biloba would work for treating tinnitus. I would have to do more research and make a decision at that time.",0,1,0,0,0,0,0,0,0,0,0,0,0,0,0,0,0,0,0,0
aKBnHRSe,A87PV9R9JDDYK,YNMYNM,Does Ginkgo Biloba treat tinnitus-YNMYNM0.html,"12/21/2021, 10:22:23 AM",4.9300,0.6800,2,no,Y,From the information gathered about Ginko Biloba it shows that its an effective treatment for tinnitus and is one of the fastest,1,1,,1,0,0,1,0,0,0,0,0,0,0,0,0,34.0,0,0,0,0,0,0
WECPXGZ7,AKP66RIZ3LQVX,YNMYNM,Does Ginkgo Biloba treat tinnitus-YNMYNM2.html,"12/20/2021, 08:38:47 PM",1.4700,0.9200,2,no,Y,Many articles stated it was effective.,1,1,,0,1,0,1,0,0,0,0,0,0,0,24.0,0,0,0,0,0,0,0,0
fPErT83S,A2LKGF193ZR5JP,YYNNMM,Does Ginkgo Biloba treat tinnitus-YYNNMM2.html,"12/27/2021, 04:12:11 PM",8.9800,4.3200,3,no,M,The different studies suggest that is a promising option that ca improve the tinnitus condition in the long term but it requires a more in-depth study with different doses of Ginkgo Biloba.,1,1,,0,1,1,0,0,1,0,0,0,0,0,113.0,49.0,0,0,0,0,0,0,0
ZRKW6Cxw,ABBP9JASL9AGK,YYNNMM,Does Ginkgo Biloba treat tinnitus-YYNNMM0.html,"12/27/2021, 02:58:14 PM",3.1700,1.0800,3,no,M,Results have shown contradictory results.,1,1,,1,0,1,1,0,0,0,0,0,0,24.0,0,21.0,0,0,0,0,0,0,0
P7YnM22h,A49WTQG4MBT9Z,YYNNMM,Does Ginkgo Biloba treat tinnitus-YYNNMM2.html,"12/20/2021, 08:34:28 PM",2.0700,0.6000,2,no,Y,I looked up an article that said in a clinical trial the use of ginkgo biloba proved to significantly reduce the impacts of tinnitus.,1,1,No additional comments,0,1,0,1,0,0,0,0,0,0,0,0,0,14.0,0,0,0,0,0,0
aPHxyYCn,A1DCG37N0Y8BN0,YYNNMM,Does Ginkgo Biloba treat tinnitus-YYNNMM1.html,"12/20/2021, 08:34:21 PM",2.7800,1.6800,3,no,M,"There was research that suggested it could, but there were also reputable sources that said it doesn't",1,1,,0,1,0,1,0,1,0,0,0,0,0,23.0,0,39.0,0,0,0,0,0,0
TnBeMzcj,A3BU8UL4W258UU,MMNNYY,Does Ginkgo Biloba treat tinnitus-MMNNYY2.html,"12/22/2021, 06:08:36 PM",2.7800,1.3800,3,no,M,Gingko has been listed as possibly able to cure ailments but I did not see any scientific studies on it curing tinnitus.,1,1,,1,0,0,1,1,0,0,0,0,0,14.0,0,0,32.0,21.0,0,0,0,0,0
CJ7s5zc2,A397HP5TSIF2LO,MMNNYY,Does Ginkgo Biloba treat tinnitus-MMNNYY0.html,"12/22/2021, 05:51:50 PM",6.9000,1.0800,2,no,N,The Medwave article evaluated three reviews with randomized trials which concluded that Ginkgo Biloba probably does not reduce the severity of tinnitus.  ,1,1,"The information wasn't definitive, but I found nothing credible that indicated that it was at all effective.",1,0,1,0,0,0,0,0,0,0,40.0,0,0,0,0,0,0,0,0,0
D3Rb5FJG,A1KMEBRRTN67LP,MMNNYY,Does Ginkgo Biloba treat tinnitus-MMNNYY2.html,"12/22/2021, 06:51:44 AM",3.7800,0.4000,6,no,Y,"It can help reduce the ringing in your ears, especially in the correct dosage.",1,1,,1,1,1,1,1,1,0,0,0,0,3.0,2.0,1.0,2.0,1.0,0,0,0,0,0
tZyb6NZM,AZNYEG8EWBHMD,MMNNYY,Does Ginkgo Biloba treat tinnitus-MMNNYY0.html,"12/22/2021, 06:49:25 AM",9.6300,0.0700,2,no,Y,IT IS MAY BE EFFECTIVE IN THIS INFORMATION FOR READING,1,1,GOOD AND KNOW MORE ABOUT THIS ARTICLE,0,1,1,0,0,0,0,0,0,0,0,2.0,0,0,0,0,0,0,0,0
axPzk7jK,A3POCFQJ1R5HSM,MMNNYY,Does Ginkgo Biloba treat tinnitus-MMNNYY1.html,"12/20/2021, 08:35:54 PM",2.4700,0.2800,1,no,Y,"it is very effective treatment,",1,1,good,1,0,0,0,0,0,0,0,0,0,0,0,0,0,0,0,0,0,0,0
bymKsd8a,AZ69TBTDH7AZS,MNYMNY,Does Ginkgo Biloba treat tinnitus-MNYMNY0.html,"12/22/2021, 06:36:43 PM",5.6800,1.8000,1,no,M,Some studies have positive results while others have negative or neutral results giving a neutral or low effectiveness.,1,1,,1,0,0,0,0,0,0,0,0,0,0,0,0,0,0,0,0,0,0,0
yrHz45Zh,A1Z9S06VBW14ZQ,MNYMNY,Does Ginkgo Biloba treat tinnitus-MNYMNY1.html,"12/22/2021, 12:13:58 PM",2.8500,0.1200,1,no,Y,It is used to cure many depression problems,1,1,no,1,0,0,0,0,0,0,0,0,0,0,0,0,0,0,0,0,0,0,0
wrcdZd3B,A2G43KS55YGYQE,MNYMNY,Does Ginkgo Biloba treat tinnitus-MNYMNY1.html,"12/20/2021, 08:43:24 PM",2.1500,3.1700,3,no,N,"No scientific studies have been able to show any effect on tinnitus from using ginkgo bioba. There are anecdotal claims, but those are mainly from people selling the substance.",1,1,,1,0,1,0,1,0,0,0,0,0,83.0,0,32.0,0,0,0,0,0,0,0
z4BFmymj,A35O3H71CM4LVZ,ANNYYMM,Does Ginkgo Biloba treat tinnitus-ANNYYMM2.html,"12/26/2021, 06:03:05 PM",2.5200,1.1000,2,no,M,"First study found no difference between GB and placebo and second study found improvement with GB, but no difference between GB and Cittrazine treatment",1,1,,0,1,0,1,0,0,0,0,0,0,0,35.0,0,0,0,0,0,0,0,0
xDyceNFj,A2V4DP31BEVABF,ANNYYMM,Does Ginkgo Biloba treat tinnitus-ANNYYMM1.html,"12/26/2021, 06:02:06 PM",1.6700,0.8500,2,no,N,I read a study on the BMJ saying it is not more effective than the placebo.,1,1,Thanks.,0,0,1,0,0,0,1,0,0,0,0,0,47.0,0,0,0,0,0,0,0
CiM5RfmG,A1VVXZYA3TPHP0,ANNYYMM,Does Ginkgo Biloba treat tinnitus-ANNYYMM0.html,"12/26/2021, 06:00:10 PM",3.7700,1.1700,1,no,M,The review paper I selected listed researches on efficiency of gingko biloba extract to treat tinnitus and all of them showed it to be ineffective. ,1,1,none,0,0,0,0,0,0,1,0,0,0,0,0,0,0,0,0,0,0,0,0
zcy3yEeG,A2NAKIXS3DVGAA,ANNYYMM,Does Ginkgo Biloba treat tinnitus-ANNYYMM2.html,"12/26/2021, 03:02:44 PM",1.2000,0.2500,1,no,N,That is the answer that I found in the information I read.,1,1,,0,1,0,0,0,0,0,0,0,0,0,0,0,0,0,0,0,0,0,0
x6wmYRPi,A1UBV2NP7OVDVV,ANNYYMM,Does Ginkgo Biloba treat tinnitus-ANNYYMM0.html,"12/26/2021, 02:30:19 PM",4.6300,0.4800,1,no,M,According to the British Medical Journal (BMJ); Determining whether Ginkgo biloba is effective in treating tinnitus is hindered by the lack of evidence. Prospective studies carried out to determine whether it is effective in treating tinnitus without accompanying symptoms of cerebral insufficiency have provided inconsistent results.,1,1,,0,0,1,0,0,0,0,0,0,0,0,0,0,0,0,0,0,0,0,0
wxYHhcFE,A3FMBSTZ3ZGSV1,ANNMMYY,Does Ginkgo Biloba treat tinnitus-ANNMMYY2.html,"12/26/2021, 07:17:59 PM",2.4300,0.2500,1,no,M,Gingko biloba is used to treat many ailments.,1,1,,0,1,0,0,0,0,0,0,0,0,0,0,0,0,0,0,0,0,0,0
zmSnHkkE,A27HVVLSZZ13XK,ANNMMYY,Does Ginkgo Biloba treat tinnitus-ANNMMYY1.html,"12/26/2021, 06:30:39 PM",4.4700,2.3800,3,no,N,The articles I read stated that there is no evidence that it helps and may cause more harm than good.,1,1,,0,1,1,0,1,0,0,0,0,0,0,55.0,51.0,0,0,0,0,0,0,0
yxdhzT4H,A2MS1GQLGAX9FZ,ANNMMYY,Does Ginkgo Biloba treat tinnitus-ANNMMYY0.html,"12/26/2021, 06:12:01 PM",3.7000,1.2200,3,no,M,"In two of the websites I checked, the conclusion was that studies did not provide substantial evidence of Gingko Biloba being effective for the treatment of tinnitus. However, one website said the opposite - that due to Gingko Biloba's ability to increase and improve blood flow, it has the potential to alleviate tinnitus.  ",1,1,,0,1,1,0,0,0,1,0,0,0,0,36.0,3.0,0,0,0,0,0,0,0
JH3QiQZt,A17839165C8E9S,ANNMMYY,Does Ginkgo Biloba treat tinnitus-ANNMMYY1.html,"12/26/2021, 03:15:50 PM",4.0500,0.9500,2,no,M,"There is no clear evidence that Gingko biloba can help treat tinnitus. Some studies have reported improvement, but the results have not been consistent.",1,1,,0,1,1,0,0,0,0,0,0,0,0,33.0,0,0,0,0,0,0,0,0
fRrxJjrz,A12TFFS6M9TOVF,ANNMMYY,Does Ginkgo Biloba treat tinnitus-ANNMMYY0.html,"12/26/2021, 03:11:40 PM",8.1800,4.0800,3,no,N,"Most of the studies seem to lean more towards Ginkgo being ineffective. There were a few that noted that it seemed to have a positive effect, but then went on to say it didn't have much better results than a placebo that was also used. The plant was also noted to have side effects on top of not always being able to treat tinnitus due the condition having numerous varying factors.",1,1,"The articles I read all referred to Ginkgo Biloba as a medicinal herb. Having the answer be ""tree"" seems confusing but maybe other articles referred to it as such.",0,1,1,1,0,0,0,0,0,0,0,5.0,95.0,0,0,0,0,0,0,0
GxPZr8Bt,A16OE8ECS5IXV7,ANMYNMY,Does Ginkgo Biloba treat tinnitus-ANMYNMY1.html,"12/28/2021, 01:33:36 PM",5.7300,1.9700,2,no,M,Because different researches carried out have provided inconsistent results,1,1,N/A,0,1,1,0,0,0,0,0,0,0,0,0,70.0,0,0,0,0,0,0,0
mpm5MWT4,A1YBJN6WT3X8B5,ANMYNMY,Does Ginkgo Biloba treat tinnitus-ANMYNMY2.html,"12/27/2021, 03:14:29 PM",2.0500,1.2500,2,no,Y,"According to the medical information I read, the naturally occurring chemicals seem to help at least slightly to alleviate the condition.",1,1,,0,0,0,1,1,0,0,0,0,0,0,0,0,0,39.0,0,0,0,0,0
YD5yXWiP,A2ONILC0LZKG6Y,ANMYNMY,Does Ginkgo Biloba treat tinnitus-ANMYNMY0.html,"12/27/2021, 03:13:09 PM",6.9700,4.0000,3,no,M,"Tinititus apparantly has many causes/is multi-factoral, and the various studies on the effectiveness of ginkgo biloba have shown mixed results - some having little to no effect, others showing some positive results. So it seems that it might have some (slight?) usefulness as a treatment in some cases and not in others.",1,1,"In real life, I would have prefered to check a lot more sources, and also to google (search) for info on the reliability/authenticity of some of those sources as I did not recognize most of the journal/organization names.",0,1,1,1,0,0,0,0,0,0,0,48.0,96.0,0,0,0,0,0,0,0
znP47GEE,A1N8TKTLXV92QR,YYMMNN,Does Ginkgo Biloba treat tinnitus-YYMMNN0.html,"12/22/2021, 09:03:54 AM",3.9700,0.2800,2,no,Y,"""Ginkgo biloba extend beyond just  an effective tinnitus treatment...""  This is one of the quotes I found to support that it is effective.  ",1,1,"I didnt have any problems with the survey, either technically or in understanding the questions.  Good job. It was well done.  Thank you for the opportunity.",1,1,0,0,0,0,0,0,0,0,9.0,0,0,0,0,0,0,0,0,0
h3Hiy4tQ,AMBZ9DFYIWBE0,YYMMNN,Does Ginkgo Biloba treat tinnitus-YYMMNN2.html,"12/22/2021, 06:50:16 AM",4.9800,1.9700,2,no,Y,it is good understanding and thanks ,1,1,good,1,1,0,0,0,0,0,0,0,0,72.0,0,0,0,0,0,0,0,0,0
XGiWDG6p,AT6LDQNLKTUSE,YYMMNN,Does Ginkgo Biloba treat tinnitus-YYMMNN1.html,"12/20/2021, 09:56:58 PM",5.5700,0.0500,1,no,M,There is no definitive evidence that shows that Ginkgo Biloba is a suitable treatment for all individuals suffering from tinnitus.,1,1,None.,0,1,0,0,0,0,0,0,0,0,0,0,0,0,0,0,0,0,0,0
