seq,query,count
YYYMMMNNN,Does Omega Fatty Acids treat Adhd,5
YYYMMMNNN,Does Melatonin  treat jetlag,5
YYYNNNMMM,Does Omega Fatty Acids treat Adhd,5
YYYNNNMMM,Does Melatonin  treat jetlag,5
MMMYYYNNN,Does Omega Fatty Acids treat Adhd,5
MMMYYYNNN,Does Melatonin  treat jetlag,5
MMMNNNYYY,Does Omega Fatty Acids treat Adhd,5
MMMNNNYYY,Does Melatonin  treat jetlag,5
NNNYYYMMM,Does Omega Fatty Acids treat Adhd,5
NNNYYYMMM,Does Melatonin  treat jetlag,5
NNNMMMYYY,Does Omega Fatty Acids treat Adhd,5
NNNMMMYYY,Does Melatonin  treat jetlag,5
YMNYMNYMN,Does Omega Fatty Acids treat Adhd,5
YMNYMNYMN,Does Melatonin  treat jetlag,4
YNMYNMYNM,Does Omega Fatty Acids treat Adhd,5
YNMYNMYNM,Does Melatonin  treat jetlag,4
MYNMYNMYN,Does Omega Fatty Acids treat Adhd,5
MYNMYNMYN,Does Melatonin  treat jetlag,5
MNYMNYMNY,Does Omega Fatty Acids treat Adhd,4
MNYMNYMNY,Does Melatonin  treat jetlag,4
NYMNYMNYM,Does Omega Fatty Acids treat Adhd,3
NYMNYMNYM,Does Melatonin  treat jetlag,5
NMYNMYNMY,Does Omega Fatty Acids treat Adhd,5
NMYNMYNMY,Does Melatonin  treat jetlag,2
YYMMNN,Does Ginkgo Biloba treat tinnitus,3
YYNNMM,Does Ginkgo Biloba treat tinnitus,4
MMYYNN,Does Ginkgo Biloba treat tinnitus,3
MMNNYY,Does Ginkgo Biloba treat tinnitus,5
NNYYMM,Does Ginkgo Biloba treat tinnitus,5
NNMMYY,Does Ginkgo Biloba treat tinnitus,5
YMNYMN,Does Ginkgo Biloba treat tinnitus,1
YNMYNM,Does Ginkgo Biloba treat tinnitus,4
MYNMYN,Does Ginkgo Biloba treat tinnitus,5
MNYMNY,Does Ginkgo Biloba treat tinnitus,3
NYMNYM,Does Ginkgo Biloba treat tinnitus,4
NMYNMY,Does Ginkgo Biloba treat tinnitus,3
ANNNYYYMMM,Does Omega Fatty Acids treat Adhd,5
ANNNYYYMMM,Does Melatonin  treat jetlag,5
ANNNMMMYYY,Does Omega Fatty Acids treat Adhd,5
ANNNMMMYYY,Does Melatonin  treat jetlag,5
ANYMNYMNYM,Does Omega Fatty Acids treat Adhd,3
ANYMNYMNYM,Does Melatonin  treat jetlag,5
ANMYNMYNMY,Does Omega Fatty Acids treat Adhd,5
ANMYNMYNMY,Does Melatonin  treat jetlag,2
ANNYYMM,Does Ginkgo Biloba treat tinnitus,5
ANNMMYY,Does Ginkgo Biloba treat tinnitus,5
ANYMNYM,Does Ginkgo Biloba treat tinnitus,4
ANMYNMY,Does Ginkgo Biloba treat tinnitus,3
AMMMYYYNNN,Does Omega Fatty Acids treat Adhd,5
AMMMYYYNNN,Does Melatonin  treat jetlag,5
AMMMNNNYYY,Does Omega Fatty Acids treat Adhd,5
AMMMNNNYYY,Does Melatonin  treat jetlag,5
AMYNMYNMYN,Does Omega Fatty Acids treat Adhd,5
AMYNMYNMYN,Does Melatonin  treat jetlag,5
AMNYMNYMNY,Does Omega Fatty Acids treat Adhd,4
AMNYMNYMNY,Does Melatonin  treat jetlag,4
AMMYYNN,Does Ginkgo Biloba treat tinnitus,3
AMMNNYY,Does Ginkgo Biloba treat tinnitus,4
AMYNMYN,Does Ginkgo Biloba treat tinnitus,5
AMNYMNY,Does Ginkgo Biloba treat tinnitus,3
SMMMYYYNNN,Does Omega Fatty Acids treat Adhd,3
SMMMNNNYYY,Does Omega Fatty Acids treat Adhd,3
SNNNYYYMMM,Does Omega Fatty Acids treat Adhd,3
SNNNMMMYYY,Does Omega Fatty Acids treat Adhd,3
SMYNMYNMYN,Does Omega Fatty Acids treat Adhd,3
SMNYMNYMNY,Does Omega Fatty Acids treat Adhd,3
SNYMNYMNYM,Does Omega Fatty Acids treat Adhd,3
SNMYNMYNMY,Does Omega Fatty Acids treat Adhd,3
SMMYYNN,Does Ginkgo Biloba treat tinnitus,3
SMMNNYY,Does Ginkgo Biloba treat tinnitus,3
SNNYYMM,Does Ginkgo Biloba treat tinnitus,2
SNNMMYY,Does Ginkgo Biloba treat tinnitus,2
SMYNMYN,Does Ginkgo Biloba treat tinnitus,1
SMNYMNY,Does Ginkgo Biloba treat tinnitus,3
SNYMNYM,Does Ginkgo Biloba treat tinnitus,2
SNMYNMY,Does Ginkgo Biloba treat tinnitus,3
